code_departement,nom_departement,meilleure_estimation_des_locaux_t2_2022,annee,trimestre,nombre_de_logements_raccordables
01,Ain,380960.40488015895,2017,4,112817.0
02,Aisne,302699.81831467786,2017,4,53928.0
03,Allier,242128.0186279092,2017,4,38385.0
04,Alpes-de-Haute-Provence,144196.12221271146,2017,4,5166.0
05,Hautes-Alpes,149125.0730941364,2017,4,11088.0
06,Alpes-Maritimes,907334.2205751378,2017,4,320371.0
07,Ardèche,227497.6389648207,2017,4,9478.0
08,Ardennes,165549.379369739,2017,4,16767.0
09,Ariège,124217.80481868194,2017,4,4178.0
10,Aube,192519.75558781347,2017,4,15915.0
11,Aude,309792.80176196387,2017,4,18389.0
12,Aveyron,216232.7458171479,2017,4,6466.0
13,Bouches-du-Rhône,1240982.1307241933,2017,4,358245.0
14,Calvados,489228.78343229945,2017,4,179013.0
15,Cantal,117993.93521559965,2017,4,22383.0
16,Charente,232679.3629827895,2017,4,16977.0
17,Charente-Maritime,505132.045020339,2017,4,52698.0
18,Cher,204270.57496692456,2017,4,30155.0
19,Corrèze,190519.9203965016,2017,4,16037.0
2A,Corse-du-Sud,139650.21540127243,2017,4,31076.0
2B,Haute-Corse,149159.958389664,2017,4,10212.0
21,Côte-d'Or,352937.9295874308,2017,4,75561.0
22,Côtes-d'Armor,416095.0435583812,2017,4,36267.0
23,Creuse,100539.80940731248,2017,4,1773.0
24,Dordogne,289393.38233113853,2017,4,6157.0
25,Doubs,330480.75856537384,2017,4,77885.0
26,Drôme,315069.823007463,2017,4,37680.0
27,Eure,340407.8065787003,2017,4,19285.0
28,Eure-et-Loir,253619.46679651955,2017,4,56411.0
29,Finistère,611475.8740189045,2017,4,122996.0
30,Gard,507368.1714284339,2017,4,48024.0
31,Haute-Garonne,889056.0494438249,2017,4,272969.0
32,Gers,129002.17231835572,2017,4,7030.0
33,Gironde,1067421.139185775,2017,4,269416.0
34,Hérault,858019.4994709273,2017,4,181941.0
35,Ille-et-Vilaine,677665.1200578229,2017,4,122625.0
36,Indre,155542.57968403448,2017,4,7973.0
37,Indre-et-Loire,394683.6378540242,2017,4,78424.0
38,Isère,759953.3662990475,2017,4,133993.0
39,Jura,169008.31847098577,2017,4,4389.0
40,Landes,297555.2983423366,2017,4,39604.0
41,Loir-et-Cher,219233.7621130416,2017,4,18956.0
42,Loire,484167.9039003436,2017,4,132840.0
43,Haute-Loire,170773.2022393313,2017,4,41277.0
44,Loire-Atlantique,890829.1977508907,2017,4,152921.0
45,Loiret,396460.8808468472,2017,4,82372.0
46,Lot,142932.81797009066,2017,4,2688.0
47,Lot-et-Garonne,220177.50403007795,2017,4,8908.0
48,Lozère,71116.6005041708,2017,4,2367.0
49,Maine-et-Loire,491086.5466237938,2017,4,77442.0
50,Manche,324272.56330268685,2017,4,37622.0
51,Marne,355452.7587202276,2017,4,74960.0
52,Haute-Marne,114986.61842122024,2017,4,5374.0
53,Mayenne,191017.9142806851,2017,4,46492.0
54,Meurthe-et-Moselle,437040.808010375,2017,4,80284.0
55,Meuse,114391.2305704524,2017,4,5924.0
56,Morbihan,532661.463980573,2017,4,76533.0
57,Moselle,597663.4861715351,2017,4,172327.0
58,Nièvre,158182.2640554381,2017,4,7291.0
59,Nord,1416587.3634023312,2017,4,266076.0
60,Oise,419418.41508863575,2017,4,177121.0
61,Orne,191248.8072622725,2017,4,17866.0
62,Pas-de-Calais,810337.0974354657,2017,4,108029.0
63,Puy-de-Dôme,454452.1750161109,2017,4,84686.0
64,Pyrénées-Atlantiques,499191.5482275635,2017,4,121499.0
65,Hautes-Pyrénées,187949.8235920527,2017,4,14527.0
66,Pyrénées-Orientales,409165.4186861373,2017,4,61236.0
67,Bas-Rhin,689715.1598105569,2017,4,168078.0
68,Haut-Rhin,468652.8484768319,2017,4,69162.0
69,Rhône,1176837.2078592945,2017,4,552193.0
70,Haute-Saône,152367.07492880576,2017,4,4323.0
71,Saône-et-Loire,362560.6122725077,2017,4,29379.0
72,Sarthe,343858.81701405067,2017,4,66260.0
73,Savoie,413348.2759195408,2017,4,30836.0
74,Haute-Savoie,595773.7313784929,2017,4,44045.0
75,Paris,1721294.0,2017,4,1465819.0
76,Seine-Maritime,738413.9320164204,2017,4,122323.0
77,Seine-et-Marne,749243.4361137652,2017,4,170707.0
78,Yvelines,783210.1297697065,2017,4,288309.0
79,Deux-Sèvres,218158.2748662231,2017,4,25752.0
80,Somme,339886.8354184756,2017,4,46933.0
81,Tarn,250130.6149063424,2017,4,23678.0
82,Tarn-et-Garonne,160351.48598247537,2017,4,22937.0
83,Var,842747.7961032137,2017,4,89608.0
84,Vaucluse,372101.5262668943,2017,4,45824.0
85,Vendée,486952.6509007984,2017,4,21446.0
86,Vienne,267488.5104913292,2017,4,38698.0
87,Haute-Vienne,254713.8947361856,2017,4,57804.0
88,Vosges,243440.44909452143,2017,4,5451.0
89,Yonne,220875.5133312805,2017,4,11143.0
90,Territoire de Belfort,79467.9981336201,2017,4,9902.0
91,Essonne,677805.7273382825,2017,4,221827.0
92,Hauts-de-Seine,986036.3609664292,2017,4,711606.0
93,Seine-Saint-Denis,863891.0,2017,4,323724.0
94,Val-de-Marne,780484.0,2017,4,328856.0
95,Val-d'Oise,618486.7342243503,2017,4,240270.0
01,Ain,380960.40488015895,2018,1,116403.0
02,Aisne,302699.81831467786,2018,1,65809.0
03,Allier,242128.0186279092,2018,1,42072.0
04,Alpes-de-Haute-Provence,144196.12221271146,2018,1,6437.0
05,Hautes-Alpes,149125.0730941364,2018,1,11414.0
06,Alpes-Maritimes,907334.2205751378,2018,1,338789.0
07,Ardèche,227497.6389648207,2018,1,10551.0
08,Ardennes,165549.379369739,2018,1,18240.0
09,Ariège,124217.80481868194,2018,1,5029.0
10,Aube,192519.75558781347,2018,1,16888.0
11,Aude,309792.80176196387,2018,1,19635.0
12,Aveyron,216232.7458171479,2018,1,8005.0
13,Bouches-du-Rhône,1240982.1307241933,2018,1,369631.0
14,Calvados,489228.78343229945,2018,1,181570.0
15,Cantal,117993.93521559965,2018,1,23428.0
16,Charente,232679.3629827895,2018,1,19852.0
17,Charente-Maritime,505132.045020339,2018,1,55895.0
18,Cher,204270.57496692456,2018,1,31279.0
19,Corrèze,190519.9203965016,2018,1,17026.0
2A,Corse-du-Sud,139650.21540127243,2018,1,32882.0
2B,Haute-Corse,149159.958389664,2018,1,11217.0
21,Côte-d'Or,352937.9295874308,2018,1,81879.0
22,Côtes-d'Armor,416095.0435583812,2018,1,44482.0
23,Creuse,100539.80940731248,2018,1,1773.0
24,Dordogne,289393.38233113853,2018,1,6858.0
25,Doubs,330480.75856537384,2018,1,87163.0
26,Drôme,315069.823007463,2018,1,41160.0
27,Eure,340407.8065787003,2018,1,24724.0
28,Eure-et-Loir,253619.46679651955,2018,1,60160.0
29,Finistère,611475.8740189045,2018,1,129026.0
30,Gard,507368.1714284339,2018,1,54535.0
31,Haute-Garonne,889056.0494438249,2018,1,288663.0
32,Gers,129002.17231835572,2018,1,7834.0
33,Gironde,1067421.139185775,2018,1,282834.0
34,Hérault,858019.4994709273,2018,1,193228.0
35,Ille-et-Vilaine,677665.1200578229,2018,1,136157.0
36,Indre,155542.57968403448,2018,1,9146.0
37,Indre-et-Loire,394683.6378540242,2018,1,84716.0
38,Isère,759953.3662990475,2018,1,141002.0
39,Jura,169008.31847098577,2018,1,4886.0
40,Landes,297555.2983423366,2018,1,41601.0
41,Loir-et-Cher,219233.7621130416,2018,1,20578.0
42,Loire,484167.9039003436,2018,1,152203.0
43,Haute-Loire,170773.2022393313,2018,1,42548.0
44,Loire-Atlantique,890829.1977508907,2018,1,163620.0
45,Loiret,396460.8808468472,2018,1,90769.0
46,Lot,142932.81797009066,2018,1,3189.0
47,Lot-et-Garonne,220177.50403007795,2018,1,10304.0
48,Lozère,71116.6005041708,2018,1,2574.0
49,Maine-et-Loire,491086.5466237938,2018,1,83891.0
50,Manche,324272.56330268685,2018,1,42205.0
51,Marne,355452.7587202276,2018,1,78376.0
52,Haute-Marne,114986.61842122024,2018,1,5374.0
53,Mayenne,191017.9142806851,2018,1,47454.0
54,Meurthe-et-Moselle,437040.808010375,2018,1,84471.0
55,Meuse,114391.2305704524,2018,1,6540.0
56,Morbihan,532661.463980573,2018,1,81574.0
57,Moselle,597663.4861715351,2018,1,180280.0
58,Nièvre,158182.2640554381,2018,1,7972.0
59,Nord,1416587.3634023312,2018,1,300896.0
60,Oise,419418.41508863575,2018,1,184056.0
61,Orne,191248.8072622725,2018,1,20215.0
62,Pas-de-Calais,810337.0974354657,2018,1,131960.0
63,Puy-de-Dôme,454452.1750161109,2018,1,89745.0
64,Pyrénées-Atlantiques,499191.5482275635,2018,1,127723.0
65,Hautes-Pyrénées,187949.8235920527,2018,1,16450.0
66,Pyrénées-Orientales,409165.4186861373,2018,1,63716.0
67,Bas-Rhin,689715.1598105569,2018,1,182608.0
68,Haut-Rhin,468652.8484768319,2018,1,83968.0
69,Rhône,1176837.2078592945,2018,1,579065.0
70,Haute-Saône,152367.07492880576,2018,1,5298.0
71,Saône-et-Loire,362560.6122725077,2018,1,32768.0
72,Sarthe,343858.81701405067,2018,1,72339.0
73,Savoie,413348.2759195408,2018,1,33337.0
74,Haute-Savoie,595773.7313784929,2018,1,51074.0
75,Paris,1721294.0,2018,1,1484108.0
76,Seine-Maritime,738413.9320164204,2018,1,134822.0
77,Seine-et-Marne,749243.4361137652,2018,1,194712.0
78,Yvelines,783210.1297697065,2018,1,308596.0
79,Deux-Sèvres,218158.2748662231,2018,1,26848.0
80,Somme,339886.8354184756,2018,1,56571.0
81,Tarn,250130.6149063424,2018,1,25370.0
82,Tarn-et-Garonne,160351.48598247537,2018,1,23674.0
83,Var,842747.7961032137,2018,1,95094.0
84,Vaucluse,372101.5262668943,2018,1,51500.0
85,Vendée,486952.6509007984,2018,1,25028.0
86,Vienne,267488.5104913292,2018,1,40916.0
87,Haute-Vienne,254713.8947361856,2018,1,59688.0
88,Vosges,243440.44909452143,2018,1,6288.0
89,Yonne,220875.5133312805,2018,1,12597.0
90,Territoire de Belfort,79467.9981336201,2018,1,12080.0
91,Essonne,677805.7273382825,2018,1,233955.0
92,Hauts-de-Seine,986036.3609664292,2018,1,755943.0
93,Seine-Saint-Denis,863891.0,2018,1,345415.0
94,Val-de-Marne,780484.0,2018,1,343704.0
95,Val-d'Oise,618486.7342243503,2018,1,252462.0
01,Ain,380960.40488015895,2018,2,122602.0
02,Aisne,302699.81831467786,2018,2,85253.0
03,Allier,242128.0186279092,2018,2,44262.0
04,Alpes-de-Haute-Provence,144196.12221271146,2018,2,6891.0
05,Hautes-Alpes,149125.0730941364,2018,2,11630.0
06,Alpes-Maritimes,907334.2205751378,2018,2,356091.0
07,Ardèche,227497.6389648207,2018,2,11148.0
08,Ardennes,165549.379369739,2018,2,19495.0
09,Ariège,124217.80481868194,2018,2,6428.0
10,Aube,192519.75558781347,2018,2,17620.0
11,Aude,309792.80176196387,2018,2,21741.0
12,Aveyron,216232.7458171479,2018,2,9442.0
13,Bouches-du-Rhône,1240982.1307241933,2018,2,383901.0
14,Calvados,489228.78343229945,2018,2,187932.0
15,Cantal,117993.93521559965,2018,2,26379.0
16,Charente,232679.3629827895,2018,2,23166.0
17,Charente-Maritime,505132.045020339,2018,2,65404.0
18,Cher,204270.57496692456,2018,2,34988.0
19,Corrèze,190519.9203965016,2018,2,18018.0
2A,Corse-du-Sud,139650.21540127243,2018,2,34116.0
2B,Haute-Corse,149159.958389664,2018,2,12704.0
21,Côte-d'Or,352937.9295874308,2018,2,88897.0
22,Côtes-d'Armor,416095.0435583812,2018,2,52210.0
23,Creuse,100539.80940731248,2018,2,2022.0
24,Dordogne,289393.38233113853,2018,2,8518.0
25,Doubs,330480.75856537384,2018,2,97596.0
26,Drôme,315069.823007463,2018,2,43090.0
27,Eure,340407.8065787003,2018,2,30391.0
28,Eure-et-Loir,253619.46679651955,2018,2,64818.0
29,Finistère,611475.8740189045,2018,2,135271.0
30,Gard,507368.1714284339,2018,2,60106.0
31,Haute-Garonne,889056.0494438249,2018,2,315061.0
32,Gers,129002.17231835572,2018,2,8021.0
33,Gironde,1067421.139185775,2018,2,304829.0
34,Hérault,858019.4994709273,2018,2,202563.0
35,Ille-et-Vilaine,677665.1200578229,2018,2,155919.0
36,Indre,155542.57968403448,2018,2,10530.0
37,Indre-et-Loire,394683.6378540242,2018,2,90887.0
38,Isère,759953.3662990475,2018,2,149276.0
39,Jura,169008.31847098577,2018,2,3553.0
40,Landes,297555.2983423366,2018,2,42419.0
41,Loir-et-Cher,219233.7621130416,2018,2,21334.0
42,Loire,484167.9039003436,2018,2,169567.0
43,Haute-Loire,170773.2022393313,2018,2,46065.0
44,Loire-Atlantique,890829.1977508907,2018,2,176775.0
45,Loiret,396460.8808468472,2018,2,96643.0
46,Lot,142932.81797009066,2018,2,3654.0
47,Lot-et-Garonne,220177.50403007795,2018,2,12698.0
48,Lozère,71116.6005041708,2018,2,3078.0
49,Maine-et-Loire,491086.5466237938,2018,2,90466.0
50,Manche,324272.56330268685,2018,2,49086.0
51,Marne,355452.7587202276,2018,2,81471.0
52,Haute-Marne,114986.61842122024,2018,2,5629.0
53,Mayenne,191017.9142806851,2018,2,48481.0
54,Meurthe-et-Moselle,437040.808010375,2018,2,89778.0
55,Meuse,114391.2305704524,2018,2,7076.0
56,Morbihan,532661.463980573,2018,2,88168.0
57,Moselle,597663.4861715351,2018,2,189862.0
58,Nièvre,158182.2640554381,2018,2,10017.0
59,Nord,1416587.3634023312,2018,2,346766.0
60,Oise,419418.41508863575,2018,2,205914.0
61,Orne,191248.8072622725,2018,2,21246.0
62,Pas-de-Calais,810337.0974354657,2018,2,170100.0
63,Puy-de-Dôme,454452.1750161109,2018,2,97138.0
64,Pyrénées-Atlantiques,499191.5482275635,2018,2,133856.0
65,Hautes-Pyrénées,187949.8235920527,2018,2,20374.0
66,Pyrénées-Orientales,409165.4186861373,2018,2,65265.0
67,Bas-Rhin,689715.1598105569,2018,2,200685.0
68,Haut-Rhin,468652.8484768319,2018,2,104110.0
69,Rhône,1176837.2078592945,2018,2,604887.0
70,Haute-Saône,152367.07492880576,2018,2,5742.0
71,Saône-et-Loire,362560.6122725077,2018,2,36321.0
72,Sarthe,343858.81701405067,2018,2,80127.0
73,Savoie,413348.2759195408,2018,2,36085.0
74,Haute-Savoie,595773.7313784929,2018,2,56157.0
75,Paris,1721294.0,2018,2,1497186.0
76,Seine-Maritime,738413.9320164204,2018,2,140854.0
77,Seine-et-Marne,749243.4361137652,2018,2,231640.0
78,Yvelines,783210.1297697065,2018,2,337242.0
79,Deux-Sèvres,218158.2748662231,2018,2,29474.0
80,Somme,339886.8354184756,2018,2,64204.0
81,Tarn,250130.6149063424,2018,2,27802.0
82,Tarn-et-Garonne,160351.48598247537,2018,2,24456.0
83,Var,842747.7961032137,2018,2,103436.0
84,Vaucluse,372101.5262668943,2018,2,56536.0
85,Vendée,486952.6509007984,2018,2,26168.0
86,Vienne,267488.5104913292,2018,2,44797.0
87,Haute-Vienne,254713.8947361856,2018,2,61956.0
88,Vosges,243440.44909452143,2018,2,7386.0
89,Yonne,220875.5133312805,2018,2,15180.0
90,Territoire de Belfort,79467.9981336201,2018,2,15140.0
91,Essonne,677805.7273382825,2018,2,252089.0
92,Hauts-de-Seine,986036.3609664292,2018,2,776144.0
93,Seine-Saint-Denis,863891.0,2018,2,370654.0
94,Val-de-Marne,780484.0,2018,2,363982.0
95,Val-d'Oise,618486.7342243503,2018,2,273182.0
01,Ain,380960.40488015895,2018,3,131470.0
02,Aisne,302699.81831467786,2018,3,105748.0
03,Allier,242128.0186279092,2018,3,45834.0
04,Alpes-de-Haute-Provence,144196.12221271146,2018,3,8619.0
05,Hautes-Alpes,149125.0730941364,2018,3,12139.0
06,Alpes-Maritimes,907334.2205751378,2018,3,376671.0
07,Ardèche,227497.6389648207,2018,3,11601.0
08,Ardennes,165549.379369739,2018,3,20252.0
09,Ariège,124217.80481868194,2018,3,7092.0
10,Aube,192519.75558781347,2018,3,18481.0
11,Aude,309792.80176196387,2018,3,23770.0
12,Aveyron,216232.7458171479,2018,3,10338.0
13,Bouches-du-Rhône,1240982.1307241933,2018,3,404974.0
14,Calvados,489228.78343229945,2018,3,192067.0
15,Cantal,117993.93521559965,2018,3,27740.0
16,Charente,232679.3629827895,2018,3,25262.0
17,Charente-Maritime,505132.045020339,2018,3,69265.0
18,Cher,204270.57496692456,2018,3,40311.0
19,Corrèze,190519.9203965016,2018,3,19106.0
2A,Corse-du-Sud,139650.21540127243,2018,3,34968.0
2B,Haute-Corse,149159.958389664,2018,3,13280.0
21,Côte-d'Or,352937.9295874308,2018,3,95920.0
22,Côtes-d'Armor,416095.0435583812,2018,3,54884.0
23,Creuse,100539.80940731248,2018,3,2321.0
24,Dordogne,289393.38233113853,2018,3,9836.0
25,Doubs,330480.75856537384,2018,3,102438.0
26,Drôme,315069.823007463,2018,3,46276.0
27,Eure,340407.8065787003,2018,3,34876.0
28,Eure-et-Loir,253619.46679651955,2018,3,70162.0
29,Finistère,611475.8740189045,2018,3,141349.0
30,Gard,507368.1714284339,2018,3,64923.0
31,Haute-Garonne,889056.0494438249,2018,3,329950.0
32,Gers,129002.17231835572,2018,3,8972.0
33,Gironde,1067421.139185775,2018,3,321868.0
34,Hérault,858019.4994709273,2018,3,212907.0
35,Ille-et-Vilaine,677665.1200578229,2018,3,173046.0
36,Indre,155542.57968403448,2018,3,12435.0
37,Indre-et-Loire,394683.6378540242,2018,3,95405.0
38,Isère,759953.3662990475,2018,3,162131.0
39,Jura,169008.31847098577,2018,3,3846.0
40,Landes,297555.2983423366,2018,3,44519.0
41,Loir-et-Cher,219233.7621130416,2018,3,21651.0
42,Loire,484167.9039003436,2018,3,184570.0
43,Haute-Loire,170773.2022393313,2018,3,46994.0
44,Loire-Atlantique,890829.1977508907,2018,3,187389.0
45,Loiret,396460.8808468472,2018,3,105066.0
46,Lot,142932.81797009066,2018,3,3833.0
47,Lot-et-Garonne,220177.50403007795,2018,3,14909.0
48,Lozère,71116.6005041708,2018,3,3370.0
49,Maine-et-Loire,491086.5466237938,2018,3,94669.0
50,Manche,324272.56330268685,2018,3,51674.0
51,Marne,355452.7587202276,2018,3,85805.0
52,Haute-Marne,114986.61842122024,2018,3,5696.0
53,Mayenne,191017.9142806851,2018,3,49837.0
54,Meurthe-et-Moselle,437040.808010375,2018,3,87593.0
55,Meuse,114391.2305704524,2018,3,7979.0
56,Morbihan,532661.463980573,2018,3,93789.0
57,Moselle,597663.4861715351,2018,3,199027.0
58,Nièvre,158182.2640554381,2018,3,11032.0
59,Nord,1416587.3634023312,2018,3,394848.0
60,Oise,419418.41508863575,2018,3,217265.0
61,Orne,191248.8072622725,2018,3,21399.0
62,Pas-de-Calais,810337.0974354657,2018,3,208425.0
63,Puy-de-Dôme,454452.1750161109,2018,3,102734.0
64,Pyrénées-Atlantiques,499191.5482275635,2018,3,138488.0
65,Hautes-Pyrénées,187949.8235920527,2018,3,23061.0
66,Pyrénées-Orientales,409165.4186861373,2018,3,68272.0
67,Bas-Rhin,689715.1598105569,2018,3,222992.0
68,Haut-Rhin,468652.8484768319,2018,3,115525.0
69,Rhône,1176837.2078592945,2018,3,623992.0
70,Haute-Saône,152367.07492880576,2018,3,5847.0
71,Saône-et-Loire,362560.6122725077,2018,3,39150.0
72,Sarthe,343858.81701405067,2018,3,89271.0
73,Savoie,413348.2759195408,2018,3,38686.0
74,Haute-Savoie,595773.7313784929,2018,3,59396.0
75,Paris,1721294.0,2018,3,1508196.0
76,Seine-Maritime,738413.9320164204,2018,3,152575.0
77,Seine-et-Marne,749243.4361137652,2018,3,252504.0
78,Yvelines,783210.1297697065,2018,3,348907.0
79,Deux-Sèvres,218158.2748662231,2018,3,31210.0
80,Somme,339886.8354184756,2018,3,73257.0
81,Tarn,250130.6149063424,2018,3,31796.0
82,Tarn-et-Garonne,160351.48598247537,2018,3,25346.0
83,Var,842747.7961032137,2018,3,111296.0
84,Vaucluse,372101.5262668943,2018,3,60725.0
85,Vendée,486952.6509007984,2018,3,32342.0
86,Vienne,267488.5104913292,2018,3,48720.0
87,Haute-Vienne,254713.8947361856,2018,3,64760.0
88,Vosges,243440.44909452143,2018,3,7687.0
89,Yonne,220875.5133312805,2018,3,17489.0
90,Territoire de Belfort,79467.9981336201,2018,3,17594.0
91,Essonne,677805.7273382825,2018,3,275093.0
92,Hauts-de-Seine,986036.3609664292,2018,3,788097.0
93,Seine-Saint-Denis,863891.0,2018,3,390319.0
94,Val-de-Marne,780484.0,2018,3,378181.0
95,Val-d'Oise,618486.7342243503,2018,3,291998.0
01,Ain,380960.40488015895,2018,4,141775.0
02,Aisne,302699.81831467786,2018,4,123305.0
03,Allier,242128.0186279092,2018,4,49312.0
04,Alpes-de-Haute-Provence,144196.12221271146,2018,4,10035.0
05,Hautes-Alpes,149125.0730941364,2018,4,12226.0
06,Alpes-Maritimes,907334.2205751378,2018,4,402951.0
07,Ardèche,227497.6389648207,2018,4,12028.0
08,Ardennes,165549.379369739,2018,4,21146.0
09,Ariège,124217.80481868194,2018,4,10807.0
10,Aube,192519.75558781347,2018,4,19435.0
11,Aude,309792.80176196387,2018,4,27032.0
12,Aveyron,216232.7458171479,2018,4,13842.0
13,Bouches-du-Rhône,1240982.1307241933,2018,4,440409.0
14,Calvados,489228.78343229945,2018,4,203734.0
15,Cantal,117993.93521559965,2018,4,31185.0
16,Charente,232679.3629827895,2018,4,29288.0
17,Charente-Maritime,505132.045020339,2018,4,74078.0
18,Cher,204270.57496692456,2018,4,48455.0
19,Corrèze,190519.9203965016,2018,4,22221.0
2A,Corse-du-Sud,139650.21540127243,2018,4,35996.0
2B,Haute-Corse,149159.958389664,2018,4,13949.0
21,Côte-d'Or,352937.9295874308,2018,4,102724.0
22,Côtes-d'Armor,416095.0435583812,2018,4,57575.0
23,Creuse,100539.80940731248,2018,4,3584.0
24,Dordogne,289393.38233113853,2018,4,12026.0
25,Doubs,330480.75856537384,2018,4,109912.0
26,Drôme,315069.823007463,2018,4,48653.0
27,Eure,340407.8065787003,2018,4,38761.0
28,Eure-et-Loir,253619.46679651955,2018,4,81966.0
29,Finistère,611475.8740189045,2018,4,147648.0
30,Gard,507368.1714284339,2018,4,72543.0
31,Haute-Garonne,889056.0494438249,2018,4,342979.0
32,Gers,129002.17231835572,2018,4,17041.0
33,Gironde,1067421.139185775,2018,4,350251.0
34,Hérault,858019.4994709273,2018,4,225642.0
35,Ille-et-Vilaine,677665.1200578229,2018,4,194801.0
36,Indre,155542.57968403448,2018,4,19723.0
37,Indre-et-Loire,394683.6378540242,2018,4,102434.0
38,Isère,759953.3662990475,2018,4,183788.0
39,Jura,169008.31847098577,2018,4,4956.0
40,Landes,297555.2983423366,2018,4,45695.0
41,Loir-et-Cher,219233.7621130416,2018,4,23402.0
42,Loire,484167.9039003436,2018,4,209866.0
43,Haute-Loire,170773.2022393313,2018,4,50124.0
44,Loire-Atlantique,890829.1977508907,2018,4,205607.0
45,Loiret,396460.8808468472,2018,4,117530.0
46,Lot,142932.81797009066,2018,4,7631.0
47,Lot-et-Garonne,220177.50403007795,2018,4,19014.0
48,Lozère,71116.6005041708,2018,4,3578.0
49,Maine-et-Loire,491086.5466237938,2018,4,103078.0
50,Manche,324272.56330268685,2018,4,56134.0
51,Marne,355452.7587202276,2018,4,95171.0
52,Haute-Marne,114986.61842122024,2018,4,5743.0
53,Mayenne,191017.9142806851,2018,4,53281.0
54,Meurthe-et-Moselle,437040.808010375,2018,4,103443.0
55,Meuse,114391.2305704524,2018,4,8442.0
56,Morbihan,532661.463980573,2018,4,103273.0
57,Moselle,597663.4861715351,2018,4,234739.0
58,Nièvre,158182.2640554381,2018,4,12486.0
59,Nord,1416587.3634023312,2018,4,457010.0
60,Oise,419418.41508863575,2018,4,239826.0
61,Orne,191248.8072622725,2018,4,23721.0
62,Pas-de-Calais,810337.0974354657,2018,4,242964.0
63,Puy-de-Dôme,454452.1750161109,2018,4,115642.0
64,Pyrénées-Atlantiques,499191.5482275635,2018,4,144183.0
65,Hautes-Pyrénées,187949.8235920527,2018,4,27620.0
66,Pyrénées-Orientales,409165.4186861373,2018,4,72421.0
67,Bas-Rhin,689715.1598105569,2018,4,259803.0
68,Haut-Rhin,468652.8484768319,2018,4,139480.0
69,Rhône,1176837.2078592945,2018,4,648634.0
70,Haute-Saône,152367.07492880576,2018,4,5912.0
71,Saône-et-Loire,362560.6122725077,2018,4,42583.0
72,Sarthe,343858.81701405067,2018,4,100303.0
73,Savoie,413348.2759195408,2018,4,41660.0
74,Haute-Savoie,595773.7313784929,2018,4,62675.0
75,Paris,1721294.0,2018,4,1526172.0
76,Seine-Maritime,738413.9320164204,2018,4,175902.0
77,Seine-et-Marne,749243.4361137652,2018,4,281437.0
78,Yvelines,783210.1297697065,2018,4,379450.0
79,Deux-Sèvres,218158.2748662231,2018,4,33522.0
80,Somme,339886.8354184756,2018,4,81155.0
81,Tarn,250130.6149063424,2018,4,36003.0
82,Tarn-et-Garonne,160351.48598247537,2018,4,26551.0
83,Var,842747.7961032137,2018,4,125105.0
84,Vaucluse,372101.5262668943,2018,4,74406.0
85,Vendée,486952.6509007984,2018,4,40849.0
86,Vienne,267488.5104913292,2018,4,53833.0
87,Haute-Vienne,254713.8947361856,2018,4,69250.0
88,Vosges,243440.44909452143,2018,4,8069.0
89,Yonne,220875.5133312805,2018,4,20364.0
90,Territoire de Belfort,79467.9981336201,2018,4,20718.0
91,Essonne,677805.7273382825,2018,4,300267.0
92,Hauts-de-Seine,986036.3609664292,2018,4,800290.0
93,Seine-Saint-Denis,863891.0,2018,4,417322.0
94,Val-de-Marne,780484.0,2018,4,412637.0
95,Val-d'Oise,618486.7342243503,2018,4,331580.0
01,Ain,380960.40488015895,2019,1,146856.0
02,Aisne,302699.81831467786,2019,1,136072.0
03,Allier,242128.0186279092,2019,1,51867.0
04,Alpes-de-Haute-Provence,144196.12221271146,2019,1,10169.0
05,Hautes-Alpes,149125.0730941364,2019,1,12274.0
06,Alpes-Maritimes,907334.2205751378,2019,1,426584.0
07,Ardèche,227497.6389648207,2019,1,12477.0
08,Ardennes,165549.379369739,2019,1,23416.0
09,Ariège,124217.80481868194,2019,1,14120.0
10,Aube,192519.75558781347,2019,1,21645.0
11,Aude,309792.80176196387,2019,1,30878.0
12,Aveyron,216232.7458171479,2019,1,18756.0
13,Bouches-du-Rhône,1240982.1307241933,2019,1,468711.0
14,Calvados,489228.78343229945,2019,1,202190.0
15,Cantal,117993.93521559965,2019,1,33088.0
16,Charente,232679.3629827895,2019,1,31564.0
17,Charente-Maritime,505132.045020339,2019,1,82838.0
18,Cher,204270.57496692456,2019,1,51841.0
19,Corrèze,190519.9203965016,2019,1,23559.0
2A,Corse-du-Sud,139650.21540127243,2019,1,37488.0
2B,Haute-Corse,149159.958389664,2019,1,15362.0
21,Côte-d'Or,352937.9295874308,2019,1,109410.0
22,Côtes-d'Armor,416095.0435583812,2019,1,60131.0
23,Creuse,100539.80940731248,2019,1,4332.0
24,Dordogne,289393.38233113853,2019,1,13526.0
25,Doubs,330480.75856537384,2019,1,118382.0
26,Drôme,315069.823007463,2019,1,53853.0
27,Eure,340407.8065787003,2019,1,47508.0
28,Eure-et-Loir,253619.46679651955,2019,1,84216.0
29,Finistère,611475.8740189045,2019,1,151772.0
30,Gard,507368.1714284339,2019,1,78574.0
31,Haute-Garonne,889056.0494438249,2019,1,355200.0
32,Gers,129002.17231835572,2019,1,22319.0
33,Gironde,1067421.139185775,2019,1,366673.0
34,Hérault,858019.4994709273,2019,1,239761.0
35,Ille-et-Vilaine,677665.1200578229,2019,1,208990.0
36,Indre,155542.57968403448,2019,1,26493.0
37,Indre-et-Loire,394683.6378540242,2019,1,108683.0
38,Isère,759953.3662990475,2019,1,198985.0
39,Jura,169008.31847098577,2019,1,5223.0
40,Landes,297555.2983423366,2019,1,48499.0
41,Loir-et-Cher,219233.7621130416,2019,1,25461.0
42,Loire,484167.9039003436,2019,1,236430.0
43,Haute-Loire,170773.2022393313,2019,1,51538.0
44,Loire-Atlantique,890829.1977508907,2019,1,227156.0
45,Loiret,396460.8808468472,2019,1,139373.0
46,Lot,142932.81797009066,2019,1,10520.0
47,Lot-et-Garonne,220177.50403007795,2019,1,21676.0
48,Lozère,71116.6005041708,2019,1,4501.0
49,Maine-et-Loire,491086.5466237938,2019,1,109752.0
50,Manche,324272.56330268685,2019,1,61244.0
51,Marne,355452.7587202276,2019,1,101002.0
52,Haute-Marne,114986.61842122024,2019,1,6038.0
53,Mayenne,191017.9142806851,2019,1,55317.0
54,Meurthe-et-Moselle,437040.808010375,2019,1,108917.0
55,Meuse,114391.2305704524,2019,1,8866.0
56,Morbihan,532661.463980573,2019,1,109931.0
57,Moselle,597663.4861715351,2019,1,232738.0
58,Nièvre,158182.2640554381,2019,1,13561.0
59,Nord,1416587.3634023312,2019,1,525734.0
60,Oise,419418.41508863575,2019,1,254241.0
61,Orne,191248.8072622725,2019,1,24525.0
62,Pas-de-Calais,810337.0974354657,2019,1,286514.0
63,Puy-de-Dôme,454452.1750161109,2019,1,121658.0
64,Pyrénées-Atlantiques,499191.5482275635,2019,1,152643.0
65,Hautes-Pyrénées,187949.8235920527,2019,1,30824.0
66,Pyrénées-Orientales,409165.4186861373,2019,1,76471.0
67,Bas-Rhin,689715.1598105569,2019,1,285241.0
68,Haut-Rhin,468652.8484768319,2019,1,153650.0
69,Rhône,1176837.2078592945,2019,1,671393.0
70,Haute-Saône,152367.07492880576,2019,1,6591.0
71,Saône-et-Loire,362560.6122725077,2019,1,46569.0
72,Sarthe,343858.81701405067,2019,1,106379.0
73,Savoie,413348.2759195408,2019,1,46226.0
74,Haute-Savoie,595773.7313784929,2019,1,67413.0
75,Paris,1721294.0,2019,1,1536130.0
76,Seine-Maritime,738413.9320164204,2019,1,189447.0
77,Seine-et-Marne,749243.4361137652,2019,1,315209.0
78,Yvelines,783210.1297697065,2019,1,401706.0
79,Deux-Sèvres,218158.2748662231,2019,1,33848.0
80,Somme,339886.8354184756,2019,1,91627.0
81,Tarn,250130.6149063424,2019,1,39231.0
82,Tarn-et-Garonne,160351.48598247537,2019,1,27244.0
83,Var,842747.7961032137,2019,1,143898.0
84,Vaucluse,372101.5262668943,2019,1,87947.0
85,Vendée,486952.6509007984,2019,1,50088.0
86,Vienne,267488.5104913292,2019,1,55429.0
87,Haute-Vienne,254713.8947361856,2019,1,72490.0
88,Vosges,243440.44909452143,2019,1,10015.0
89,Yonne,220875.5133312805,2019,1,22531.0
90,Territoire de Belfort,79467.9981336201,2019,1,23852.0
91,Essonne,677805.7273382825,2019,1,342639.0
92,Hauts-de-Seine,986036.3609664292,2019,1,810253.0
93,Seine-Saint-Denis,863891.0,2019,1,445910.0
94,Val-de-Marne,780484.0,2019,1,429646.0
95,Val-d'Oise,618486.7342243503,2019,1,367548.0
01,Ain,380960.40488015895,2019,2,151487.0
02,Aisne,302699.81831467786,2019,2,150888.0
03,Allier,242128.0186279092,2019,2,58908.0
04,Alpes-de-Haute-Provence,144196.12221271146,2019,2,10639.0
05,Hautes-Alpes,149125.0730941364,2019,2,12870.0
06,Alpes-Maritimes,907334.2205751378,2019,2,451529.0
07,Ardèche,227497.6389648207,2019,2,14564.0
08,Ardennes,165549.379369739,2019,2,25794.0
09,Ariège,124217.80481868194,2019,2,16202.0
10,Aube,192519.75558781347,2019,2,24942.0
11,Aude,309792.80176196387,2019,2,33770.0
12,Aveyron,216232.7458171479,2019,2,22765.0
13,Bouches-du-Rhône,1240982.1307241933,2019,2,515510.0
14,Calvados,489228.78343229945,2019,2,220777.0
15,Cantal,117993.93521559965,2019,2,37222.0
16,Charente,232679.3629827895,2019,2,35239.0
17,Charente-Maritime,505132.045020339,2019,2,92832.0
18,Cher,204270.57496692456,2019,2,57096.0
19,Corrèze,190519.9203965016,2019,2,24949.0
2A,Corse-du-Sud,139650.21540127243,2019,2,38903.0
2B,Haute-Corse,149159.958389664,2019,2,16948.0
21,Côte-d'Or,352937.9295874308,2019,2,116378.0
22,Côtes-d'Armor,416095.0435583812,2019,2,64285.0
23,Creuse,100539.80940731248,2019,2,5324.0
24,Dordogne,289393.38233113853,2019,2,15116.0
25,Doubs,330480.75856537384,2019,2,127722.0
26,Drôme,315069.823007463,2019,2,59750.0
27,Eure,340407.8065787003,2019,2,53172.0
28,Eure-et-Loir,253619.46679651955,2019,2,87218.0
29,Finistère,611475.8740189045,2019,2,157025.0
30,Gard,507368.1714284339,2019,2,84109.0
31,Haute-Garonne,889056.0494438249,2019,2,371733.0
32,Gers,129002.17231835572,2019,2,30301.0
33,Gironde,1067421.139185775,2019,2,393203.0
34,Hérault,858019.4994709273,2019,2,261386.0
35,Ille-et-Vilaine,677665.1200578229,2019,2,219663.0
36,Indre,155542.57968403448,2019,2,35862.0
37,Indre-et-Loire,394683.6378540242,2019,2,116723.0
38,Isère,759953.3662990475,2019,2,222750.0
39,Jura,169008.31847098577,2019,2,6382.0
40,Landes,297555.2983423366,2019,2,50010.0
41,Loir-et-Cher,219233.7621130416,2019,2,27561.0
42,Loire,484167.9039003436,2019,2,250425.0
43,Haute-Loire,170773.2022393313,2019,2,56124.0
44,Loire-Atlantique,890829.1977508907,2019,2,253766.0
45,Loiret,396460.8808468472,2019,2,152781.0
46,Lot,142932.81797009066,2019,2,15060.0
47,Lot-et-Garonne,220177.50403007795,2019,2,25224.0
48,Lozère,71116.6005041708,2019,2,5653.0
49,Maine-et-Loire,491086.5466237938,2019,2,120827.0
50,Manche,324272.56330268685,2019,2,66659.0
51,Marne,355452.7587202276,2019,2,106125.0
52,Haute-Marne,114986.61842122024,2019,2,6182.0
53,Mayenne,191017.9142806851,2019,2,60381.0
54,Meurthe-et-Moselle,437040.808010375,2019,2,116825.0
55,Meuse,114391.2305704524,2019,2,11828.0
56,Morbihan,532661.463980573,2019,2,118242.0
57,Moselle,597663.4861715351,2019,2,252452.0
58,Nièvre,158182.2640554381,2019,2,14464.0
59,Nord,1416587.3634023312,2019,2,594783.0
60,Oise,419418.41508863575,2019,2,276261.0
61,Orne,191248.8072622725,2019,2,26546.0
62,Pas-de-Calais,810337.0974354657,2019,2,336292.0
63,Puy-de-Dôme,454452.1750161109,2019,2,135333.0
64,Pyrénées-Atlantiques,499191.5482275635,2019,2,165302.0
65,Hautes-Pyrénées,187949.8235920527,2019,2,38357.0
66,Pyrénées-Orientales,409165.4186861373,2019,2,80066.0
67,Bas-Rhin,689715.1598105569,2019,2,310236.0
68,Haut-Rhin,468652.8484768319,2019,2,174414.0
69,Rhône,1176837.2078592945,2019,2,699239.0
70,Haute-Saône,152367.07492880576,2019,2,7526.0
71,Saône-et-Loire,362560.6122725077,2019,2,52962.0
72,Sarthe,343858.81701405067,2019,2,116510.0
73,Savoie,413348.2759195408,2019,2,52346.0
74,Haute-Savoie,595773.7313784929,2019,2,91991.0
75,Paris,1721294.0,2019,2,1547579.0
76,Seine-Maritime,738413.9320164204,2019,2,214606.0
77,Seine-et-Marne,749243.4361137652,2019,2,357615.0
78,Yvelines,783210.1297697065,2019,2,435758.0
79,Deux-Sèvres,218158.2748662231,2019,2,37862.0
80,Somme,339886.8354184756,2019,2,98333.0
81,Tarn,250130.6149063424,2019,2,40166.0
82,Tarn-et-Garonne,160351.48598247537,2019,2,27725.0
83,Var,842747.7961032137,2019,2,164033.0
84,Vaucluse,372101.5262668943,2019,2,105506.0
85,Vendée,486952.6509007984,2019,2,59113.0
86,Vienne,267488.5104913292,2019,2,60924.0
87,Haute-Vienne,254713.8947361856,2019,2,76787.0
88,Vosges,243440.44909452143,2019,2,11830.0
89,Yonne,220875.5133312805,2019,2,25090.0
90,Territoire de Belfort,79467.9981336201,2019,2,26028.0
91,Essonne,677805.7273382825,2019,2,368837.0
92,Hauts-de-Seine,986036.3609664292,2019,2,818651.0
93,Seine-Saint-Denis,863891.0,2019,2,481230.0
94,Val-de-Marne,780484.0,2019,2,456917.0
95,Val-d'Oise,618486.7342243503,2019,2,406257.0
01,Ain,380960.40488015895,2019,3,153701.0
02,Aisne,302699.81831467786,2019,3,164867.0
03,Allier,242128.0186279092,2019,3,64075.0
04,Alpes-de-Haute-Provence,144196.12221271146,2019,3,10704.0
05,Hautes-Alpes,149125.0730941364,2019,3,13896.0
06,Alpes-Maritimes,907334.2205751378,2019,3,474511.0
07,Ardèche,227497.6389648207,2019,3,16792.0
08,Ardennes,165549.379369739,2019,3,33558.0
09,Ariège,124217.80481868194,2019,3,20182.0
10,Aube,192519.75558781347,2019,3,30528.0
11,Aude,309792.80176196387,2019,3,38535.0
12,Aveyron,216232.7458171479,2019,3,27540.0
13,Bouches-du-Rhône,1240982.1307241933,2019,3,554392.0
14,Calvados,489228.78343229945,2019,3,239973.0
15,Cantal,117993.93521559965,2019,3,37968.0
16,Charente,232679.3629827895,2019,3,38438.0
17,Charente-Maritime,505132.045020339,2019,3,119497.0
18,Cher,204270.57496692456,2019,3,64936.0
19,Corrèze,190519.9203965016,2019,3,25996.0
2A,Corse-du-Sud,139650.21540127243,2019,3,40053.0
2B,Haute-Corse,149159.958389664,2019,3,18280.0
21,Côte-d'Or,352937.9295874308,2019,3,123196.0
22,Côtes-d'Armor,416095.0435583812,2019,3,70023.0
23,Creuse,100539.80940731248,2019,3,7085.0
24,Dordogne,289393.38233113853,2019,3,17328.0
25,Doubs,330480.75856537384,2019,3,137331.0
26,Drôme,315069.823007463,2019,3,70832.0
27,Eure,340407.8065787003,2019,3,63733.0
28,Eure-et-Loir,253619.46679651955,2019,3,97120.0
29,Finistère,611475.8740189045,2019,3,162755.0
30,Gard,507368.1714284339,2019,3,91224.0
31,Haute-Garonne,889056.0494438249,2019,3,388448.0
32,Gers,129002.17231835572,2019,3,35840.0
33,Gironde,1067421.139185775,2019,3,414218.0
34,Hérault,858019.4994709273,2019,3,295620.0
35,Ille-et-Vilaine,677665.1200578229,2019,3,232937.0
36,Indre,155542.57968403448,2019,3,43152.0
37,Indre-et-Loire,394683.6378540242,2019,3,124603.0
38,Isère,759953.3662990475,2019,3,260128.0
39,Jura,169008.31847098577,2019,3,9394.0
40,Landes,297555.2983423366,2019,3,52585.0
41,Loir-et-Cher,219233.7621130416,2019,3,30378.0
42,Loire,484167.9039003436,2019,3,271192.0
43,Haute-Loire,170773.2022393313,2019,3,57884.0
44,Loire-Atlantique,890829.1977508907,2019,3,296087.0
45,Loiret,396460.8808468472,2019,3,163969.0
46,Lot,142932.81797009066,2019,3,20341.0
47,Lot-et-Garonne,220177.50403007795,2019,3,29788.0
48,Lozère,71116.6005041708,2019,3,8806.0
49,Maine-et-Loire,491086.5466237938,2019,3,135379.0
50,Manche,324272.56330268685,2019,3,73136.0
51,Marne,355452.7587202276,2019,3,111508.0
52,Haute-Marne,114986.61842122024,2019,3,6996.0
53,Mayenne,191017.9142806851,2019,3,64754.0
54,Meurthe-et-Moselle,437040.808010375,2019,3,132417.0
55,Meuse,114391.2305704524,2019,3,16053.0
56,Morbihan,532661.463980573,2019,3,129016.0
57,Moselle,597663.4861715351,2019,3,263512.0
58,Nièvre,158182.2640554381,2019,3,15943.0
59,Nord,1416587.3634023312,2019,3,661071.0
60,Oise,419418.41508863575,2019,3,291192.0
61,Orne,191248.8072622725,2019,3,30011.0
62,Pas-de-Calais,810337.0974354657,2019,3,386606.0
63,Puy-de-Dôme,454452.1750161109,2019,3,145553.0
64,Pyrénées-Atlantiques,499191.5482275635,2019,3,176347.0
65,Hautes-Pyrénées,187949.8235920527,2019,3,46405.0
66,Pyrénées-Orientales,409165.4186861373,2019,3,86450.0
67,Bas-Rhin,689715.1598105569,2019,3,331158.0
68,Haut-Rhin,468652.8484768319,2019,3,193752.0
69,Rhône,1176837.2078592945,2019,3,738104.0
70,Haute-Saône,152367.07492880576,2019,3,9035.0
71,Saône-et-Loire,362560.6122725077,2019,3,57970.0
72,Sarthe,343858.81701405067,2019,3,126006.0
73,Savoie,413348.2759195408,2019,3,61451.0
74,Haute-Savoie,595773.7313784929,2019,3,102330.0
75,Paris,1721294.0,2019,3,1559505.0
76,Seine-Maritime,738413.9320164204,2019,3,236634.0
77,Seine-et-Marne,749243.4361137652,2019,3,381053.0
78,Yvelines,783210.1297697065,2019,3,461821.0
79,Deux-Sèvres,218158.2748662231,2019,3,40053.0
80,Somme,339886.8354184756,2019,3,109686.0
81,Tarn,250130.6149063424,2019,3,41952.0
82,Tarn-et-Garonne,160351.48598247537,2019,3,28884.0
83,Var,842747.7961032137,2019,3,187302.0
84,Vaucluse,372101.5262668943,2019,3,137675.0
85,Vendée,486952.6509007984,2019,3,66298.0
86,Vienne,267488.5104913292,2019,3,65440.0
87,Haute-Vienne,254713.8947361856,2019,3,80179.0
88,Vosges,243440.44909452143,2019,3,16312.0
89,Yonne,220875.5133312805,2019,3,27256.0
90,Territoire de Belfort,79467.9981336201,2019,3,29839.0
91,Essonne,677805.7273382825,2019,3,396073.0
92,Hauts-de-Seine,986036.3609664292,2019,3,828219.0
93,Seine-Saint-Denis,863891.0,2019,3,503951.0
94,Val-de-Marne,780484.0,2019,3,478548.0
95,Val-d'Oise,618486.7342243503,2019,3,432608.0
01,Ain,380960.40488015895,2019,4,158964.0
02,Aisne,302699.81831467786,2019,4,183430.0
03,Allier,242128.0186279092,2019,4,72542.0
04,Alpes-de-Haute-Provence,144196.12221271146,2019,4,11031.0
05,Hautes-Alpes,149125.0730941364,2019,4,14869.0
06,Alpes-Maritimes,907334.2205751378,2019,4,503210.0
07,Ardèche,227497.6389648207,2019,4,17856.0
08,Ardennes,165549.379369739,2019,4,40984.0
09,Ariège,124217.80481868194,2019,4,26743.0
10,Aube,192519.75558781347,2019,4,40065.0
11,Aude,309792.80176196387,2019,4,47310.0
12,Aveyron,216232.7458171479,2019,4,36536.0
13,Bouches-du-Rhône,1240982.1307241933,2019,4,602465.0
14,Calvados,489228.78343229945,2019,4,273991.0
15,Cantal,117993.93521559965,2019,4,40385.0
16,Charente,232679.3629827895,2019,4,43433.0
17,Charente-Maritime,505132.045020339,2019,4,151057.0
18,Cher,204270.57496692456,2019,4,78352.0
19,Corrèze,190519.9203965016,2019,4,29623.0
2A,Corse-du-Sud,139650.21540127243,2019,4,41326.0
2B,Haute-Corse,149159.958389664,2019,4,26708.0
21,Côte-d'Or,352937.9295874308,2019,4,133917.0
22,Côtes-d'Armor,416095.0435583812,2019,4,72832.0
23,Creuse,100539.80940731248,2019,4,8069.0
24,Dordogne,289393.38233113853,2019,4,21599.0
25,Doubs,330480.75856537384,2019,4,150749.0
26,Drôme,315069.823007463,2019,4,77242.0
27,Eure,340407.8065787003,2019,4,67209.0
28,Eure-et-Loir,253619.46679651955,2019,4,107987.0
29,Finistère,611475.8740189045,2019,4,176261.0
30,Gard,507368.1714284339,2019,4,116445.0
31,Haute-Garonne,889056.0494438249,2019,4,414142.0
32,Gers,129002.17231835572,2019,4,42500.0
33,Gironde,1067421.139185775,2019,4,449491.0
34,Hérault,858019.4994709273,2019,4,338483.0
35,Ille-et-Vilaine,677665.1200578229,2019,4,250412.0
36,Indre,155542.57968403448,2019,4,50419.0
37,Indre-et-Loire,394683.6378540242,2019,4,135460.0
38,Isère,759953.3662990475,2019,4,304750.0
39,Jura,169008.31847098577,2019,4,14270.0
40,Landes,297555.2983423366,2019,4,55684.0
41,Loir-et-Cher,219233.7621130416,2019,4,36225.0
42,Loire,484167.9039003436,2019,4,308690.0
43,Haute-Loire,170773.2022393313,2019,4,63780.0
44,Loire-Atlantique,890829.1977508907,2019,4,339137.0
45,Loiret,396460.8808468472,2019,4,186554.0
46,Lot,142932.81797009066,2019,4,28809.0
47,Lot-et-Garonne,220177.50403007795,2019,4,34141.0
48,Lozère,71116.6005041708,2019,4,10492.0
49,Maine-et-Loire,491086.5466237938,2019,4,148123.0
50,Manche,324272.56330268685,2019,4,87496.0
51,Marne,355452.7587202276,2019,4,124776.0
52,Haute-Marne,114986.61842122024,2019,4,8933.0
53,Mayenne,191017.9142806851,2019,4,78712.0
54,Meurthe-et-Moselle,437040.808010375,2019,4,153383.0
55,Meuse,114391.2305704524,2019,4,24723.0
56,Morbihan,532661.463980573,2019,4,139167.0
57,Moselle,597663.4861715351,2019,4,286907.0
58,Nièvre,158182.2640554381,2019,4,18715.0
59,Nord,1416587.3634023312,2019,4,754762.0
60,Oise,419418.41508863575,2019,4,323503.0
61,Orne,191248.8072622725,2019,4,33265.0
62,Pas-de-Calais,810337.0974354657,2019,4,441011.0
63,Puy-de-Dôme,454452.1750161109,2019,4,165151.0
64,Pyrénées-Atlantiques,499191.5482275635,2019,4,199233.0
65,Hautes-Pyrénées,187949.8235920527,2019,4,54054.0
66,Pyrénées-Orientales,409165.4186861373,2019,4,98609.0
67,Bas-Rhin,689715.1598105569,2019,4,352744.0
68,Haut-Rhin,468652.8484768319,2019,4,219756.0
69,Rhône,1176837.2078592945,2019,4,778722.0
70,Haute-Saône,152367.07492880576,2019,4,10335.0
71,Saône-et-Loire,362560.6122725077,2019,4,64671.0
72,Sarthe,343858.81701405067,2019,4,139163.0
73,Savoie,413348.2759195408,2019,4,71920.0
74,Haute-Savoie,595773.7313784929,2019,4,130338.0
75,Paris,1721294.0,2019,4,1573764.0
76,Seine-Maritime,738413.9320164204,2019,4,264574.0
77,Seine-et-Marne,749243.4361137652,2019,4,430435.0
78,Yvelines,783210.1297697065,2019,4,507376.0
79,Deux-Sèvres,218158.2748662231,2019,4,44925.0
80,Somme,339886.8354184756,2019,4,121094.0
81,Tarn,250130.6149063424,2019,4,43005.0
82,Tarn-et-Garonne,160351.48598247537,2019,4,30673.0
83,Var,842747.7961032137,2019,4,223177.0
84,Vaucluse,372101.5262668943,2019,4,157485.0
85,Vendée,486952.6509007984,2019,4,76721.0
86,Vienne,267488.5104913292,2019,4,74788.0
87,Haute-Vienne,254713.8947361856,2019,4,85216.0
88,Vosges,243440.44909452143,2019,4,28217.0
89,Yonne,220875.5133312805,2019,4,31877.0
90,Territoire de Belfort,79467.9981336201,2019,4,36027.0
91,Essonne,677805.7273382825,2019,4,444633.0
92,Hauts-de-Seine,986036.3609664292,2019,4,837733.0
93,Seine-Saint-Denis,863891.0,2019,4,545558.0
94,Val-de-Marne,780484.0,2019,4,524668.0
95,Val-d'Oise,618486.7342243503,2019,4,458041.0
01,Ain,380960.40488015895,2020,1,161840.0
02,Aisne,302699.81831467786,2020,1,194033.0
03,Allier,242128.0186279092,2020,1,81804.0
04,Alpes-de-Haute-Provence,144196.12221271146,2020,1,11413.0
05,Hautes-Alpes,149125.0730941364,2020,1,15701.0
06,Alpes-Maritimes,907334.2205751378,2020,1,525341.0
07,Ardèche,227497.6389648207,2020,1,18461.0
08,Ardennes,165549.379369739,2020,1,47374.0
09,Ariège,124217.80481868194,2020,1,34764.0
10,Aube,192519.75558781347,2020,1,47057.0
11,Aude,309792.80176196387,2020,1,57536.0
12,Aveyron,216232.7458171479,2020,1,47037.0
13,Bouches-du-Rhône,1240982.1307241933,2020,1,633409.0
14,Calvados,489228.78343229945,2020,1,289802.0
15,Cantal,117993.93521559965,2020,1,43031.0
16,Charente,232679.3629827895,2020,1,46242.0
17,Charente-Maritime,505132.045020339,2020,1,179722.0
18,Cher,204270.57496692456,2020,1,85252.0
19,Corrèze,190519.9203965016,2020,1,32595.0
2A,Corse-du-Sud,139650.21540127243,2020,1,43122.0
2B,Haute-Corse,149159.958389664,2020,1,28693.0
21,Côte-d'Or,352937.9295874308,2020,1,142257.0
22,Côtes-d'Armor,416095.0435583812,2020,1,76714.0
23,Creuse,100539.80940731248,2020,1,9044.0
24,Dordogne,289393.38233113853,2020,1,24297.0
25,Doubs,330480.75856537384,2020,1,162651.0
26,Drôme,315069.823007463,2020,1,83431.0
27,Eure,340407.8065787003,2020,1,68138.0
28,Eure-et-Loir,253619.46679651955,2020,1,115591.0
29,Finistère,611475.8740189045,2020,1,190521.0
30,Gard,507368.1714284339,2020,1,128216.0
31,Haute-Garonne,889056.0494438249,2020,1,436021.0
32,Gers,129002.17231835572,2020,1,47789.0
33,Gironde,1067421.139185775,2020,1,472139.0
34,Hérault,858019.4994709273,2020,1,367812.0
35,Ille-et-Vilaine,677665.1200578229,2020,1,267602.0
36,Indre,155542.57968403448,2020,1,60061.0
37,Indre-et-Loire,394683.6378540242,2020,1,141721.0
38,Isère,759953.3662990475,2020,1,314492.0
39,Jura,169008.31847098577,2020,1,16838.0
40,Landes,297555.2983423366,2020,1,57660.0
41,Loir-et-Cher,219233.7621130416,2020,1,42733.0
42,Loire,484167.9039003436,2020,1,335251.0
43,Haute-Loire,170773.2022393313,2020,1,67899.0
44,Loire-Atlantique,890829.1977508907,2020,1,365377.0
45,Loiret,396460.8808468472,2020,1,195479.0
46,Lot,142932.81797009066,2020,1,35938.0
47,Lot-et-Garonne,220177.50403007795,2020,1,37597.0
48,Lozère,71116.6005041708,2020,1,13503.0
49,Maine-et-Loire,491086.5466237938,2020,1,163545.0
50,Manche,324272.56330268685,2020,1,91190.0
51,Marne,355452.7587202276,2020,1,140988.0
52,Haute-Marne,114986.61842122024,2020,1,11829.0
53,Mayenne,191017.9142806851,2020,1,84437.0
54,Meurthe-et-Moselle,437040.808010375,2020,1,165401.0
55,Meuse,114391.2305704524,2020,1,27294.0
56,Morbihan,532661.463980573,2020,1,146093.0
57,Moselle,597663.4861715351,2020,1,298013.0
58,Nièvre,158182.2640554381,2020,1,21398.0
59,Nord,1416587.3634023312,2020,1,836000.0
60,Oise,419418.41508863575,2020,1,336406.0
61,Orne,191248.8072622725,2020,1,34913.0
62,Pas-de-Calais,810337.0974354657,2020,1,498100.0
63,Puy-de-Dôme,454452.1750161109,2020,1,176267.0
64,Pyrénées-Atlantiques,499191.5482275635,2020,1,204868.0
65,Hautes-Pyrénées,187949.8235920527,2020,1,60530.0
66,Pyrénées-Orientales,409165.4186861373,2020,1,112624.0
67,Bas-Rhin,689715.1598105569,2020,1,367183.0
68,Haut-Rhin,468652.8484768319,2020,1,243428.0
69,Rhône,1176837.2078592945,2020,1,814522.0
70,Haute-Saône,152367.07492880576,2020,1,11749.0
71,Saône-et-Loire,362560.6122725077,2020,1,69800.0
72,Sarthe,343858.81701405067,2020,1,149290.0
73,Savoie,413348.2759195408,2020,1,76646.0
74,Haute-Savoie,595773.7313784929,2020,1,141551.0
75,Paris,1721294.0,2020,1,1582923.0
76,Seine-Maritime,738413.9320164204,2020,1,284249.0
77,Seine-et-Marne,749243.4361137652,2020,1,455616.0
78,Yvelines,783210.1297697065,2020,1,539344.0
79,Deux-Sèvres,218158.2748662231,2020,1,48085.0
80,Somme,339886.8354184756,2020,1,131366.0
81,Tarn,250130.6149063424,2020,1,44302.0
82,Tarn-et-Garonne,160351.48598247537,2020,1,32308.0
83,Var,842747.7961032137,2020,1,259751.0
84,Vaucluse,372101.5262668943,2020,1,170847.0
85,Vendée,486952.6509007984,2020,1,88168.0
86,Vienne,267488.5104913292,2020,1,80603.0
87,Haute-Vienne,254713.8947361856,2020,1,89688.0
88,Vosges,243440.44909452143,2020,1,35553.0
89,Yonne,220875.5133312805,2020,1,34291.0
90,Territoire de Belfort,79467.9981336201,2020,1,40929.0
91,Essonne,677805.7273382825,2020,1,484955.0
92,Hauts-de-Seine,986036.3609664292,2020,1,851078.0
93,Seine-Saint-Denis,863891.0,2020,1,570136.0
94,Val-de-Marne,780484.0,2020,1,555106.0
95,Val-d'Oise,618486.7342243503,2020,1,480326.0
01,Ain,380960.40488015895,2020,2,165311.0
02,Aisne,302699.81831467786,2020,2,209359.0
03,Allier,242128.0186279092,2020,2,92649.0
04,Alpes-de-Haute-Provence,144196.12221271146,2020,2,16490.0
05,Hautes-Alpes,149125.0730941364,2020,2,18089.0
06,Alpes-Maritimes,907334.2205751378,2020,2,557464.0
07,Ardèche,227497.6389648207,2020,2,18655.0
08,Ardennes,165549.379369739,2020,2,53941.0
09,Ariège,124217.80481868194,2020,2,37169.0
10,Aube,192519.75558781347,2020,2,57552.0
11,Aude,309792.80176196387,2020,2,66662.0
12,Aveyron,216232.7458171479,2020,2,58033.0
13,Bouches-du-Rhône,1240982.1307241933,2020,2,685002.0
14,Calvados,489228.78343229945,2020,2,303652.0
15,Cantal,117993.93521559965,2020,2,48399.0
16,Charente,232679.3629827895,2020,2,57153.0
17,Charente-Maritime,505132.045020339,2020,2,203698.0
18,Cher,204270.57496692456,2020,2,88176.0
19,Corrèze,190519.9203965016,2020,2,36547.0
2A,Corse-du-Sud,139650.21540127243,2020,2,44620.0
2B,Haute-Corse,149159.958389664,2020,2,30411.0
21,Côte-d'Or,352937.9295874308,2020,2,149568.0
22,Côtes-d'Armor,416095.0435583812,2020,2,81344.0
23,Creuse,100539.80940731248,2020,2,9677.0
24,Dordogne,289393.38233113853,2020,2,27283.0
25,Doubs,330480.75856537384,2020,2,172207.0
26,Drôme,315069.823007463,2020,2,89092.0
27,Eure,340407.8065787003,2020,2,74189.0
28,Eure-et-Loir,253619.46679651955,2020,2,123567.0
29,Finistère,611475.8740189045,2020,2,203290.0
30,Gard,507368.1714284339,2020,2,145204.0
31,Haute-Garonne,889056.0494438249,2020,2,457073.0
32,Gers,129002.17231835572,2020,2,52653.0
33,Gironde,1067421.139185775,2020,2,496920.0
34,Hérault,858019.4994709273,2020,2,396990.0
35,Ille-et-Vilaine,677665.1200578229,2020,2,284642.0
36,Indre,155542.57968403448,2020,2,65014.0
37,Indre-et-Loire,394683.6378540242,2020,2,153914.0
38,Isère,759953.3662990475,2020,2,331718.0
39,Jura,169008.31847098577,2020,2,21152.0
40,Landes,297555.2983423366,2020,2,60772.0
41,Loir-et-Cher,219233.7621130416,2020,2,48815.0
42,Loire,484167.9039003436,2020,2,356236.0
43,Haute-Loire,170773.2022393313,2020,2,72015.0
44,Loire-Atlantique,890829.1977508907,2020,2,388335.0
45,Loiret,396460.8808468472,2020,2,206272.0
46,Lot,142932.81797009066,2020,2,43076.0
47,Lot-et-Garonne,220177.50403007795,2020,2,40743.0
48,Lozère,71116.6005041708,2020,2,17079.0
49,Maine-et-Loire,491086.5466237938,2020,2,179494.0
50,Manche,324272.56330268685,2020,2,96438.0
51,Marne,355452.7587202276,2020,2,159492.0
52,Haute-Marne,114986.61842122024,2020,2,17121.0
53,Mayenne,191017.9142806851,2020,2,88580.0
54,Meurthe-et-Moselle,437040.808010375,2020,2,179828.0
55,Meuse,114391.2305704524,2020,2,29939.0
56,Morbihan,532661.463980573,2020,2,155897.0
57,Moselle,597663.4861715351,2020,2,318765.0
58,Nièvre,158182.2640554381,2020,2,22188.0
59,Nord,1416587.3634023312,2020,2,907014.0
60,Oise,419418.41508863575,2020,2,352877.0
61,Orne,191248.8072622725,2020,2,37013.0
62,Pas-de-Calais,810337.0974354657,2020,2,545524.0
63,Puy-de-Dôme,454452.1750161109,2020,2,190778.0
64,Pyrénées-Atlantiques,499191.5482275635,2020,2,225613.0
65,Hautes-Pyrénées,187949.8235920527,2020,2,70600.0
66,Pyrénées-Orientales,409165.4186861373,2020,2,130574.0
67,Bas-Rhin,689715.1598105569,2020,2,380837.0
68,Haut-Rhin,468652.8484768319,2020,2,262656.0
69,Rhône,1176837.2078592945,2020,2,847184.0
70,Haute-Saône,152367.07492880576,2020,2,13347.0
71,Saône-et-Loire,362560.6122725077,2020,2,74494.0
72,Sarthe,343858.81701405067,2020,2,156471.0
73,Savoie,413348.2759195408,2020,2,84051.0
74,Haute-Savoie,595773.7313784929,2020,2,155229.0
75,Paris,1721294.0,2020,2,1588223.0
76,Seine-Maritime,738413.9320164204,2020,2,302736.0
77,Seine-et-Marne,749243.4361137652,2020,2,492178.0
78,Yvelines,783210.1297697065,2020,2,582053.0
79,Deux-Sèvres,218158.2748662231,2020,2,51410.0
80,Somme,339886.8354184756,2020,2,137527.0
81,Tarn,250130.6149063424,2020,2,47853.0
82,Tarn-et-Garonne,160351.48598247537,2020,2,36146.0
83,Var,842747.7961032137,2020,2,306346.0
84,Vaucluse,372101.5262668943,2020,2,181627.0
85,Vendée,486952.6509007984,2020,2,98014.0
86,Vienne,267488.5104913292,2020,2,88318.0
87,Haute-Vienne,254713.8947361856,2020,2,92390.0
88,Vosges,243440.44909452143,2020,2,43984.0
89,Yonne,220875.5133312805,2020,2,36835.0
90,Territoire de Belfort,79467.9981336201,2020,2,43675.0
91,Essonne,677805.7273382825,2020,2,497382.0
92,Hauts-de-Seine,986036.3609664292,2020,2,857948.0
93,Seine-Saint-Denis,863891.0,2020,2,602329.0
94,Val-de-Marne,780484.0,2020,2,586090.0
95,Val-d'Oise,618486.7342243503,2020,2,507341.0
01,Ain,380960.40488015895,2020,3,166899.0
02,Aisne,302699.81831467786,2020,3,222466.0
03,Allier,242128.0186279092,2020,3,108876.0
04,Alpes-de-Haute-Provence,144196.12221271146,2020,3,19683.0
05,Hautes-Alpes,149125.0730941364,2020,3,22011.0
06,Alpes-Maritimes,907334.2205751378,2020,3,589245.0
07,Ardèche,227497.6389648207,2020,3,19551.0
08,Ardennes,165549.379369739,2020,3,62847.0
09,Ariège,124217.80481868194,2020,3,42574.0
10,Aube,192519.75558781347,2020,3,69754.0
11,Aude,309792.80176196387,2020,3,83603.0
12,Aveyron,216232.7458171479,2020,3,70164.0
13,Bouches-du-Rhône,1240982.1307241933,2020,3,742741.0
14,Calvados,489228.78343229945,2020,3,321222.0
15,Cantal,117993.93521559965,2020,3,52132.0
16,Charente,232679.3629827895,2020,3,67961.0
17,Charente-Maritime,505132.045020339,2020,3,236559.0
18,Cher,204270.57496692456,2020,3,94628.0
19,Corrèze,190519.9203965016,2020,3,45272.0
2A,Corse-du-Sud,139650.21540127243,2020,3,49234.0
2B,Haute-Corse,149159.958389664,2020,3,36554.0
21,Côte-d'Or,352937.9295874308,2020,3,159118.0
22,Côtes-d'Armor,416095.0435583812,2020,3,86851.0
23,Creuse,100539.80940731248,2020,3,13107.0
24,Dordogne,289393.38233113853,2020,3,31982.0
25,Doubs,330480.75856537384,2020,3,187106.0
26,Drôme,315069.823007463,2020,3,94446.0
27,Eure,340407.8065787003,2020,3,80576.0
28,Eure-et-Loir,253619.46679651955,2020,3,137592.0
29,Finistère,611475.8740189045,2020,3,214122.0
30,Gard,507368.1714284339,2020,3,162696.0
31,Haute-Garonne,889056.0494438249,2020,3,485881.0
32,Gers,129002.17231835572,2020,3,57400.0
33,Gironde,1067421.139185775,2020,3,532923.0
34,Hérault,858019.4994709273,2020,3,439295.0
35,Ille-et-Vilaine,677665.1200578229,2020,3,302828.0
36,Indre,155542.57968403448,2020,3,67291.0
37,Indre-et-Loire,394683.6378540242,2020,3,167501.0
38,Isère,759953.3662990475,2020,3,350601.0
39,Jura,169008.31847098577,2020,3,25728.0
40,Landes,297555.2983423366,2020,3,63695.0
41,Loir-et-Cher,219233.7621130416,2020,3,54466.0
42,Loire,484167.9039003436,2020,3,372113.0
43,Haute-Loire,170773.2022393313,2020,3,76754.0
44,Loire-Atlantique,890829.1977508907,2020,3,420238.0
45,Loiret,396460.8808468472,2020,3,214068.0
46,Lot,142932.81797009066,2020,3,50317.0
47,Lot-et-Garonne,220177.50403007795,2020,3,48330.0
48,Lozère,71116.6005041708,2020,3,21594.0
49,Maine-et-Loire,491086.5466237938,2020,3,204643.0
50,Manche,324272.56330268685,2020,3,101181.0
51,Marne,355452.7587202276,2020,3,175376.0
52,Haute-Marne,114986.61842122024,2020,3,26188.0
53,Mayenne,191017.9142806851,2020,3,95248.0
54,Meurthe-et-Moselle,437040.808010375,2020,3,196082.0
55,Meuse,114391.2305704524,2020,3,32851.0
56,Morbihan,532661.463980573,2020,3,170033.0
57,Moselle,597663.4861715351,2020,3,338741.0
58,Nièvre,158182.2640554381,2020,3,23625.0
59,Nord,1416587.3634023312,2020,3,994167.0
60,Oise,419418.41508863575,2020,3,366161.0
61,Orne,191248.8072622725,2020,3,40704.0
62,Pas-de-Calais,810337.0974354657,2020,3,584726.0
63,Puy-de-Dôme,454452.1750161109,2020,3,208919.0
64,Pyrénées-Atlantiques,499191.5482275635,2020,3,234354.0
65,Hautes-Pyrénées,187949.8235920527,2020,3,80354.0
66,Pyrénées-Orientales,409165.4186861373,2020,3,148983.0
67,Bas-Rhin,689715.1598105569,2020,3,395764.0
68,Haut-Rhin,468652.8484768319,2020,3,291467.0
69,Rhône,1176837.2078592945,2020,3,882383.0
70,Haute-Saône,152367.07492880576,2020,3,17342.0
71,Saône-et-Loire,362560.6122725077,2020,3,83977.0
72,Sarthe,343858.81701405067,2020,3,167987.0
73,Savoie,413348.2759195408,2020,3,91411.0
74,Haute-Savoie,595773.7313784929,2020,3,171449.0
75,Paris,1721294.0,2020,3,1596309.0
76,Seine-Maritime,738413.9320164204,2020,3,332903.0
77,Seine-et-Marne,749243.4361137652,2020,3,523158.0
78,Yvelines,783210.1297697065,2020,3,625368.0
79,Deux-Sèvres,218158.2748662231,2020,3,54826.0
80,Somme,339886.8354184756,2020,3,144403.0
81,Tarn,250130.6149063424,2020,3,55437.0
82,Tarn-et-Garonne,160351.48598247537,2020,3,40773.0
83,Var,842747.7961032137,2020,3,347566.0
84,Vaucluse,372101.5262668943,2020,3,203536.0
85,Vendée,486952.6509007984,2020,3,113778.0
86,Vienne,267488.5104913292,2020,3,96594.0
87,Haute-Vienne,254713.8947361856,2020,3,97640.0
88,Vosges,243440.44909452143,2020,3,50805.0
89,Yonne,220875.5133312805,2020,3,40725.0
90,Territoire de Belfort,79467.9981336201,2020,3,49686.0
91,Essonne,677805.7273382825,2020,3,519292.0
92,Hauts-de-Seine,986036.3609664292,2020,3,866297.0
93,Seine-Saint-Denis,863891.0,2020,3,629874.0
94,Val-de-Marne,780484.0,2020,3,609184.0
95,Val-d'Oise,618486.7342243503,2020,3,522225.0
01,Ain,380960.40488015895,2020,4,174410.0
02,Aisne,302699.81831467786,2020,4,237986.0
03,Allier,242128.0186279092,2020,4,122315.0
04,Alpes-de-Haute-Provence,144196.12221271146,2020,4,31707.0
05,Hautes-Alpes,149125.0730941364,2020,4,27764.0
06,Alpes-Maritimes,907334.2205751378,2020,4,631032.0
07,Ardèche,227497.6389648207,2020,4,31003.0
08,Ardennes,165549.379369739,2020,4,74133.0
09,Ariège,124217.80481868194,2020,4,47617.0
10,Aube,192519.75558781347,2020,4,84942.0
11,Aude,309792.80176196387,2020,4,114797.0
12,Aveyron,216232.7458171479,2020,4,86966.0
13,Bouches-du-Rhône,1240982.1307241933,2020,4,792571.0
14,Calvados,489228.78343229945,2020,4,343662.0
15,Cantal,117993.93521559965,2020,4,56012.0
16,Charente,232679.3629827895,2020,4,78720.0
17,Charente-Maritime,505132.045020339,2020,4,264647.0
18,Cher,204270.57496692456,2020,4,107951.0
19,Corrèze,190519.9203965016,2020,4,78443.0
2A,Corse-du-Sud,139650.21540127243,2020,4,54119.0
2B,Haute-Corse,149159.958389664,2020,4,52673.0
21,Côte-d'Or,352937.9295874308,2020,4,173447.0
22,Côtes-d'Armor,416095.0435583812,2020,4,92240.0
23,Creuse,100539.80940731248,2020,4,15961.0
24,Dordogne,289393.38233113853,2020,4,37675.0
25,Doubs,330480.75856537384,2020,4,204315.0
26,Drôme,315069.823007463,2020,4,104518.0
27,Eure,340407.8065787003,2020,4,101535.0
28,Eure-et-Loir,253619.46679651955,2020,4,154142.0
29,Finistère,611475.8740189045,2020,4,220741.0
30,Gard,507368.1714284339,2020,4,205680.0
31,Haute-Garonne,889056.0494438249,2020,4,517794.0
32,Gers,129002.17231835572,2020,4,61060.0
33,Gironde,1067421.139185775,2020,4,577076.0
34,Hérault,858019.4994709273,2020,4,495602.0
35,Ille-et-Vilaine,677665.1200578229,2020,4,327585.0
36,Indre,155542.57968403448,2020,4,75279.0
37,Indre-et-Loire,394683.6378540242,2020,4,182790.0
38,Isère,759953.3662990475,2020,4,366146.0
39,Jura,169008.31847098577,2020,4,30302.0
40,Landes,297555.2983423366,2020,4,66708.0
41,Loir-et-Cher,219233.7621130416,2020,4,67674.0
42,Loire,484167.9039003436,2020,4,389122.0
43,Haute-Loire,170773.2022393313,2020,4,83538.0
44,Loire-Atlantique,890829.1977508907,2020,4,464135.0
45,Loiret,396460.8808468472,2020,4,226818.0
46,Lot,142932.81797009066,2020,4,59971.0
47,Lot-et-Garonne,220177.50403007795,2020,4,59963.0
48,Lozère,71116.6005041708,2020,4,25998.0
49,Maine-et-Loire,491086.5466237938,2020,4,234134.0
50,Manche,324272.56330268685,2020,4,113223.0
51,Marne,355452.7587202276,2020,4,198407.0
52,Haute-Marne,114986.61842122024,2020,4,33885.0
53,Mayenne,191017.9142806851,2020,4,105263.0
54,Meurthe-et-Moselle,437040.808010375,2020,4,215252.0
55,Meuse,114391.2305704524,2020,4,39539.0
56,Morbihan,532661.463980573,2020,4,186882.0
57,Moselle,597663.4861715351,2020,4,370279.0
58,Nièvre,158182.2640554381,2020,4,26409.0
59,Nord,1416587.3634023312,2020,4,1068393.0
60,Oise,419418.41508863575,2020,4,378020.0
61,Orne,191248.8072622725,2020,4,43700.0
62,Pas-de-Calais,810337.0974354657,2020,4,639890.0
63,Puy-de-Dôme,454452.1750161109,2020,4,231526.0
64,Pyrénées-Atlantiques,499191.5482275635,2020,4,270319.0
65,Hautes-Pyrénées,187949.8235920527,2020,4,91507.0
66,Pyrénées-Orientales,409165.4186861373,2020,4,176019.0
67,Bas-Rhin,689715.1598105569,2020,4,422486.0
68,Haut-Rhin,468652.8484768319,2020,4,317634.0
69,Rhône,1176837.2078592945,2020,4,931471.0
70,Haute-Saône,152367.07492880576,2020,4,20952.0
71,Saône-et-Loire,362560.6122725077,2020,4,111935.0
72,Sarthe,343858.81701405067,2020,4,190250.0
73,Savoie,413348.2759195408,2020,4,100859.0
74,Haute-Savoie,595773.7313784929,2020,4,200724.0
75,Paris,1721294.0,2020,4,1613038.0
76,Seine-Maritime,738413.9320164204,2020,4,381759.0
77,Seine-et-Marne,749243.4361137652,2020,4,558627.0
78,Yvelines,783210.1297697065,2020,4,677208.0
79,Deux-Sèvres,218158.2748662231,2020,4,63970.0
80,Somme,339886.8354184756,2020,4,157852.0
81,Tarn,250130.6149063424,2020,4,72738.0
82,Tarn-et-Garonne,160351.48598247537,2020,4,49443.0
83,Var,842747.7961032137,2020,4,393962.0
84,Vaucluse,372101.5262668943,2020,4,231499.0
85,Vendée,486952.6509007984,2020,4,127797.0
86,Vienne,267488.5104913292,2020,4,107979.0
87,Haute-Vienne,254713.8947361856,2020,4,108401.0
88,Vosges,243440.44909452143,2020,4,62212.0
89,Yonne,220875.5133312805,2020,4,46741.0
90,Territoire de Belfort,79467.9981336201,2020,4,55553.0
91,Essonne,677805.7273382825,2020,4,543649.0
92,Hauts-de-Seine,986036.3609664292,2020,4,873090.0
93,Seine-Saint-Denis,863891.0,2020,4,677991.0
94,Val-de-Marne,780484.0,2020,4,650861.0
95,Val-d'Oise,618486.7342243503,2020,4,546095.0
01,Ain,380960.40488015895,2021,1,177533.0
02,Aisne,302699.81831467786,2021,1,248976.0
03,Allier,242128.0186279092,2021,1,133524.0
04,Alpes-de-Haute-Provence,144196.12221271146,2021,1,43515.0
05,Hautes-Alpes,149125.0730941364,2021,1,37406.0
06,Alpes-Maritimes,907334.2205751378,2021,1,659864.0
07,Ardèche,227497.6389648207,2021,1,36857.0
08,Ardennes,165549.379369739,2021,1,80101.0
09,Ariège,124217.80481868194,2021,1,54688.0
10,Aube,192519.75558781347,2021,1,97536.0
11,Aude,309792.80176196387,2021,1,142069.0
12,Aveyron,216232.7458171479,2021,1,100603.0
13,Bouches-du-Rhône,1240982.1307241933,2021,1,834455.0
14,Calvados,489228.78343229945,2021,1,352407.0
15,Cantal,117993.93521559965,2021,1,61416.0
16,Charente,232679.3629827895,2021,1,88622.0
17,Charente-Maritime,505132.045020339,2021,1,285932.0
18,Cher,204270.57496692456,2021,1,114564.0
19,Corrèze,190519.9203965016,2021,1,109991.0
2A,Corse-du-Sud,139650.21540127243,2021,1,57171.0
2B,Haute-Corse,149159.958389664,2021,1,57910.0
21,Côte-d'Or,352937.9295874308,2021,1,182362.0
22,Côtes-d'Armor,416095.0435583812,2021,1,98618.0
23,Creuse,100539.80940731248,2021,1,17953.0
24,Dordogne,289393.38233113853,2021,1,43655.0
25,Doubs,330480.75856537384,2021,1,214797.0
26,Drôme,315069.823007463,2021,1,115751.0
27,Eure,340407.8065787003,2021,1,114847.0
28,Eure-et-Loir,253619.46679651955,2021,1,166604.0
29,Finistère,611475.8740189045,2021,1,225914.0
30,Gard,507368.1714284339,2021,1,234875.0
31,Haute-Garonne,889056.0494438249,2021,1,550438.0
32,Gers,129002.17231835572,2021,1,64386.0
33,Gironde,1067421.139185775,2021,1,610690.0
34,Hérault,858019.4994709273,2021,1,532284.0
35,Ille-et-Vilaine,677665.1200578229,2021,1,342225.0
36,Indre,155542.57968403448,2021,1,83874.0
37,Indre-et-Loire,394683.6378540242,2021,1,198048.0
38,Isère,759953.3662990475,2021,1,377741.0
39,Jura,169008.31847098577,2021,1,35155.0
40,Landes,297555.2983423366,2021,1,70019.0
41,Loir-et-Cher,219233.7621130416,2021,1,78711.0
42,Loire,484167.9039003436,2021,1,401373.0
43,Haute-Loire,170773.2022393313,2021,1,90858.0
44,Loire-Atlantique,890829.1977508907,2021,1,488185.0
45,Loiret,396460.8808468472,2021,1,232982.0
46,Lot,142932.81797009066,2021,1,67995.0
47,Lot-et-Garonne,220177.50403007795,2021,1,68696.0
48,Lozère,71116.6005041708,2021,1,28403.0
49,Maine-et-Loire,491086.5466237938,2021,1,257578.0
50,Manche,324272.56330268685,2021,1,117474.0
51,Marne,355452.7587202276,2021,1,214659.0
52,Haute-Marne,114986.61842122024,2021,1,41641.0
53,Mayenne,191017.9142806851,2021,1,115776.0
54,Meurthe-et-Moselle,437040.808010375,2021,1,227986.0
55,Meuse,114391.2305704524,2021,1,43525.0
56,Morbihan,532661.463980573,2021,1,199967.0
57,Moselle,597663.4861715351,2021,1,388774.0
58,Nièvre,158182.2640554381,2021,1,28480.0
59,Nord,1416587.3634023312,2021,1,1124945.0
60,Oise,419418.41508863575,2021,1,387307.0
61,Orne,191248.8072622725,2021,1,46279.0
62,Pas-de-Calais,810337.0974354657,2021,1,673113.0
63,Puy-de-Dôme,454452.1750161109,2021,1,247671.0
64,Pyrénées-Atlantiques,499191.5482275635,2021,1,283571.0
65,Hautes-Pyrénées,187949.8235920527,2021,1,98262.0
66,Pyrénées-Orientales,409165.4186861373,2021,1,194602.0
67,Bas-Rhin,689715.1598105569,2021,1,459450.0
68,Haut-Rhin,468652.8484768319,2021,1,335625.0
69,Rhône,1176837.2078592945,2021,1,963242.0
70,Haute-Saône,152367.07492880576,2021,1,31773.0
71,Saône-et-Loire,362560.6122725077,2021,1,125964.0
72,Sarthe,343858.81701405067,2021,1,202040.0
73,Savoie,413348.2759195408,2021,1,108028.0
74,Haute-Savoie,595773.7313784929,2021,1,217382.0
75,Paris,1721294.0,2021,1,1623308.0
76,Seine-Maritime,738413.9320164204,2021,1,411979.0
77,Seine-et-Marne,749243.4361137652,2021,1,571536.0
78,Yvelines,783210.1297697065,2021,1,691812.0
79,Deux-Sèvres,218158.2748662231,2021,1,69459.0
80,Somme,339886.8354184756,2021,1,168880.0
81,Tarn,250130.6149063424,2021,1,88628.0
82,Tarn-et-Garonne,160351.48598247537,2021,1,59032.0
83,Var,842747.7961032137,2021,1,433590.0
84,Vaucluse,372101.5262668943,2021,1,257467.0
85,Vendée,486952.6509007984,2021,1,135645.0
86,Vienne,267488.5104913292,2021,1,115660.0
87,Haute-Vienne,254713.8947361856,2021,1,113664.0
88,Vosges,243440.44909452143,2021,1,79307.0
89,Yonne,220875.5133312805,2021,1,51673.0
90,Territoire de Belfort,79467.9981336201,2021,1,58161.0
91,Essonne,677805.7273382825,2021,1,566752.0
92,Hauts-de-Seine,986036.3609664292,2021,1,880976.0
93,Seine-Saint-Denis,863891.0,2021,1,697717.0
94,Val-de-Marne,780484.0,2021,1,666809.0
95,Val-d'Oise,618486.7342243503,2021,1,557155.0
01,Ain,380960.40488015895,2021,2,183201.0
02,Aisne,302699.81831467786,2021,2,257800.0
03,Allier,242128.0186279092,2021,2,146195.0
04,Alpes-de-Haute-Provence,144196.12221271146,2021,2,50407.0
05,Hautes-Alpes,149125.0730941364,2021,2,49611.0
06,Alpes-Maritimes,907334.2205751378,2021,2,685344.0
07,Ardèche,227497.6389648207,2021,2,41118.0
08,Ardennes,165549.379369739,2021,2,88862.0
09,Ariège,124217.80481868194,2021,2,61792.0
10,Aube,192519.75558781347,2021,2,112402.0
11,Aude,309792.80176196387,2021,2,158951.0
12,Aveyron,216232.7458171479,2021,2,117180.0
13,Bouches-du-Rhône,1240982.1307241933,2021,2,868330.0
14,Calvados,489228.78343229945,2021,2,366081.0
15,Cantal,117993.93521559965,2021,2,66784.0
16,Charente,232679.3629827895,2021,2,99113.0
17,Charente-Maritime,505132.045020339,2021,2,314109.0
18,Cher,204270.57496692456,2021,2,123763.0
19,Corrèze,190519.9203965016,2021,2,167996.0
2A,Corse-du-Sud,139650.21540127243,2021,2,61540.0
2B,Haute-Corse,149159.958389664,2021,2,65854.0
21,Côte-d'Or,352937.9295874308,2021,2,190889.0
22,Côtes-d'Armor,416095.0435583812,2021,2,107522.0
23,Creuse,100539.80940731248,2021,2,24329.0
24,Dordogne,289393.38233113853,2021,2,48494.0
25,Doubs,330480.75856537384,2021,2,229008.0
26,Drôme,315069.823007463,2021,2,128937.0
27,Eure,340407.8065787003,2021,2,139712.0
28,Eure-et-Loir,253619.46679651955,2021,2,176805.0
29,Finistère,611475.8740189045,2021,2,231991.0
30,Gard,507368.1714284339,2021,2,276406.0
31,Haute-Garonne,889056.0494438249,2021,2,592432.0
32,Gers,129002.17231835572,2021,2,67086.0
33,Gironde,1067421.139185775,2021,2,646613.0
34,Hérault,858019.4994709273,2021,2,572631.0
35,Ille-et-Vilaine,677665.1200578229,2021,2,357163.0
36,Indre,155542.57968403448,2021,2,88965.0
37,Indre-et-Loire,394683.6378540242,2021,2,215105.0
38,Isère,759953.3662990475,2021,2,398210.0
39,Jura,169008.31847098577,2021,2,40226.0
40,Landes,297555.2983423366,2021,2,75551.0
41,Loir-et-Cher,219233.7621130416,2021,2,93576.0
42,Loire,484167.9039003436,2021,2,414621.0
43,Haute-Loire,170773.2022393313,2021,2,100345.0
44,Loire-Atlantique,890829.1977508907,2021,2,516434.0
45,Loiret,396460.8808468472,2021,2,238263.0
46,Lot,142932.81797009066,2021,2,77578.0
47,Lot-et-Garonne,220177.50403007795,2021,2,78851.0
48,Lozère,71116.6005041708,2021,2,33467.0
49,Maine-et-Loire,491086.5466237938,2021,2,286164.0
50,Manche,324272.56330268685,2021,2,123145.0
51,Marne,355452.7587202276,2021,2,235399.0
52,Haute-Marne,114986.61842122024,2021,2,51613.0
53,Mayenne,191017.9142806851,2021,2,126966.0
54,Meurthe-et-Moselle,437040.808010375,2021,2,246558.0
55,Meuse,114391.2305704524,2021,2,49889.0
56,Morbihan,532661.463980573,2021,2,213147.0
57,Moselle,597663.4861715351,2021,2,417669.0
58,Nièvre,158182.2640554381,2021,2,37125.0
59,Nord,1416587.3634023312,2021,2,1181949.0
60,Oise,419418.41508863575,2021,2,396373.0
61,Orne,191248.8072622725,2021,2,51168.0
62,Pas-de-Calais,810337.0974354657,2021,2,699928.0
63,Puy-de-Dôme,454452.1750161109,2021,2,270184.0
64,Pyrénées-Atlantiques,499191.5482275635,2021,2,297976.0
65,Hautes-Pyrénées,187949.8235920527,2021,2,106444.0
66,Pyrénées-Orientales,409165.4186861373,2021,2,212814.0
67,Bas-Rhin,689715.1598105569,2021,2,487578.0
68,Haut-Rhin,468652.8484768319,2021,2,355705.0
69,Rhône,1176837.2078592945,2021,2,994521.0
70,Haute-Saône,152367.07492880576,2021,2,32655.0
71,Saône-et-Loire,362560.6122725077,2021,2,139867.0
72,Sarthe,343858.81701405067,2021,2,220496.0
73,Savoie,413348.2759195408,2021,2,115015.0
74,Haute-Savoie,595773.7313784929,2021,2,229464.0
75,Paris,1721294.0,2021,2,1632547.0
76,Seine-Maritime,738413.9320164204,2021,2,444564.0
77,Seine-et-Marne,749243.4361137652,2021,2,582057.0
78,Yvelines,783210.1297697065,2021,2,707594.0
79,Deux-Sèvres,218158.2748662231,2021,2,77075.0
80,Somme,339886.8354184756,2021,2,178064.0
81,Tarn,250130.6149063424,2021,2,95320.0
82,Tarn-et-Garonne,160351.48598247537,2021,2,71233.0
83,Var,842747.7961032137,2021,2,470389.0
84,Vaucluse,372101.5262668943,2021,2,277373.0
85,Vendée,486952.6509007984,2021,2,148620.0
86,Vienne,267488.5104913292,2021,2,123556.0
87,Haute-Vienne,254713.8947361856,2021,2,122609.0
88,Vosges,243440.44909452143,2021,2,96543.0
89,Yonne,220875.5133312805,2021,2,57279.0
90,Territoire de Belfort,79467.9981336201,2021,2,60973.0
91,Essonne,677805.7273382825,2021,2,603853.0
92,Hauts-de-Seine,986036.3609664292,2021,2,891021.0
93,Seine-Saint-Denis,863891.0,2021,2,720862.0
94,Val-de-Marne,780484.0,2021,2,683103.5
95,Val-d'Oise,618486.7342243503,2021,2,567558.0
01,Ain,380960.40488015895,2021,3,183861.0
02,Aisne,302699.81831467786,2021,3,265957.0
03,Allier,242128.0186279092,2021,3,154561.0
04,Alpes-de-Haute-Provence,144196.12221271146,2021,3,59109.0
05,Hautes-Alpes,149125.0730941364,2021,3,57144.0
06,Alpes-Maritimes,907334.2205751378,2021,3,703116.0
07,Ardèche,227497.6389648207,2021,3,47117.0
08,Ardennes,165549.379369739,2021,3,96800.0
09,Ariège,124217.80481868194,2021,3,65808.0
10,Aube,192519.75558781347,2021,3,123395.0
11,Aude,309792.80176196387,2021,3,178434.0
12,Aveyron,216232.7458171479,2021,3,127629.0
13,Bouches-du-Rhône,1240982.1307241933,2021,3,895155.0
14,Calvados,489228.78343229945,2021,3,377345.0
15,Cantal,117993.93521559965,2021,3,71971.0
16,Charente,232679.3629827895,2021,3,119646.0
17,Charente-Maritime,505132.045020339,2021,3,336552.0
18,Cher,204270.57496692456,2021,3,133175.0
19,Corrèze,190519.9203965016,2021,3,172810.0
2A,Corse-du-Sud,139650.21540127243,2021,3,66461.0
2B,Haute-Corse,149159.958389664,2021,3,68400.0
21,Côte-d'Or,352937.9295874308,2021,3,198894.0
22,Côtes-d'Armor,416095.0435583812,2021,3,112777.0
23,Creuse,100539.80940731248,2021,3,36220.0
24,Dordogne,289393.38233113853,2021,3,52901.0
25,Doubs,330480.75856537384,2021,3,239104.0
26,Drôme,315069.823007463,2021,3,140979.0
27,Eure,340407.8065787003,2021,3,161679.0
28,Eure-et-Loir,253619.46679651955,2021,3,186033.0
29,Finistère,611475.8740189045,2021,3,235647.0
30,Gard,507368.1714284339,2021,3,300661.0
31,Haute-Garonne,889056.0494438249,2021,3,628574.0
32,Gers,129002.17231835572,2021,3,68890.0
33,Gironde,1067421.139185775,2021,3,677396.0
34,Hérault,858019.4994709273,2021,3,603139.0
35,Ille-et-Vilaine,677665.1200578229,2021,3,369494.0
36,Indre,155542.57968403448,2021,3,96049.0
37,Indre-et-Loire,394683.6378540242,2021,3,229647.0
38,Isère,759953.3662990475,2021,3,415597.0
39,Jura,169008.31847098577,2021,3,42663.0
40,Landes,297555.2983423366,2021,3,85181.0
41,Loir-et-Cher,219233.7621130416,2021,3,103878.0
42,Loire,484167.9039003436,2021,3,422601.0
43,Haute-Loire,170773.2022393313,2021,3,104276.0
44,Loire-Atlantique,890829.1977508907,2021,3,540978.0
45,Loiret,396460.8808468472,2021,3,241153.0
46,Lot,142932.81797009066,2021,3,85758.0
47,Lot-et-Garonne,220177.50403007795,2021,3,87978.0
48,Lozère,71116.6005041708,2021,3,37616.0
49,Maine-et-Loire,491086.5466237938,2021,3,308238.0
50,Manche,324272.56330268685,2021,3,124640.0
51,Marne,355452.7587202276,2021,3,248381.0
52,Haute-Marne,114986.61842122024,2021,3,59803.0
53,Mayenne,191017.9142806851,2021,3,136368.0
54,Meurthe-et-Moselle,437040.808010375,2021,3,264874.0
55,Meuse,114391.2305704524,2021,3,56812.0
56,Morbihan,532661.463980573,2021,3,221771.0
57,Moselle,597663.4861715351,2021,3,441340.0
58,Nièvre,158182.2640554381,2021,3,43553.0
59,Nord,1416587.3634023312,2021,3,1224819.0
60,Oise,419418.41508863575,2021,3,401368.0
61,Orne,191248.8072622725,2021,3,59303.0
62,Pas-de-Calais,810337.0974354657,2021,3,724885.0
63,Puy-de-Dôme,454452.1750161109,2021,3,290148.0
64,Pyrénées-Atlantiques,499191.5482275635,2021,3,317655.0
65,Hautes-Pyrénées,187949.8235920527,2021,3,111428.0
66,Pyrénées-Orientales,409165.4186861373,2021,3,237086.0
67,Bas-Rhin,689715.1598105569,2021,3,520481.0
68,Haut-Rhin,468652.8484768319,2021,3,368612.0
69,Rhône,1176837.2078592945,2021,3,1014574.0
70,Haute-Saône,152367.07492880576,2021,3,39787.0
71,Saône-et-Loire,362560.6122725077,2021,3,151116.0
72,Sarthe,343858.81701405067,2021,3,242404.0
73,Savoie,413348.2759195408,2021,3,119002.0
74,Haute-Savoie,595773.7313784929,2021,3,244727.0
75,Paris,1721294.0,2021,3,1639607.0
76,Seine-Maritime,738413.9320164204,2021,3,469977.0
77,Seine-et-Marne,749243.4361137652,2021,3,592957.0
78,Yvelines,783210.1297697065,2021,3,717629.0
79,Deux-Sèvres,218158.2748662231,2021,3,84167.0
80,Somme,339886.8354184756,2021,3,186567.0
81,Tarn,250130.6149063424,2021,3,120442.0
82,Tarn-et-Garonne,160351.48598247537,2021,3,85770.0
83,Var,842747.7961032137,2021,3,502600.0
84,Vaucluse,372101.5262668943,2021,3,282618.0
85,Vendée,486952.6509007984,2021,3,164619.0
86,Vienne,267488.5104913292,2021,3,128848.0
87,Haute-Vienne,254713.8947361856,2021,3,135609.0
88,Vosges,243440.44909452143,2021,3,116008.0
89,Yonne,220875.5133312805,2021,3,61965.0
90,Territoire de Belfort,79467.9981336201,2021,3,62348.0
91,Essonne,677805.7273382825,2021,3,619620.0
92,Hauts-de-Seine,986036.3609664292,2021,3,900381.0
93,Seine-Saint-Denis,863891.0,2021,3,739561.5
94,Val-de-Marne,780484.0,2021,3,694099.0
95,Val-d'Oise,618486.7342243503,2021,3,573997.0
01,Ain,380960.40488015895,2021,4,193826.0
02,Aisne,302699.81831467786,2021,4,275931.0
03,Allier,242128.0186279092,2021,4,161034.0
04,Alpes-de-Haute-Provence,144196.12221271146,2021,4,73724.0
05,Hautes-Alpes,149125.0730941364,2021,4,67086.0
06,Alpes-Maritimes,907334.2205751378,2021,4,716034.0
07,Ardèche,227497.6389648207,2021,4,61461.0
08,Ardennes,165549.379369739,2021,4,110280.0
09,Ariège,124217.80481868194,2021,4,67744.0
10,Aube,192519.75558781347,2021,4,138156.0
11,Aude,309792.80176196387,2021,4,193507.0
12,Aveyron,216232.7458171479,2021,4,138379.0
13,Bouches-du-Rhône,1240982.1307241933,2021,4,921061.0
14,Calvados,489228.78343229945,2021,4,387123.0
15,Cantal,117993.93521559965,2021,4,76081.0
16,Charente,232679.3629827895,2021,4,135643.0
17,Charente-Maritime,505132.045020339,2021,4,365029.0
18,Cher,204270.57496692456,2021,4,146429.0
19,Corrèze,190519.9203965016,2021,4,176969.0
2A,Corse-du-Sud,139650.21540127243,2021,4,72777.0
2B,Haute-Corse,149159.958389664,2021,4,78768.0
21,Côte-d'Or,352937.9295874308,2021,4,210785.0
22,Côtes-d'Armor,416095.0435583812,2021,4,116722.0
23,Creuse,100539.80940731248,2021,4,46854.0
24,Dordogne,289393.38233113853,2021,4,64323.0
25,Doubs,330480.75856537384,2021,4,251684.0
26,Drôme,315069.823007463,2021,4,159439.0
27,Eure,340407.8065787003,2021,4,176794.0
28,Eure-et-Loir,253619.46679651955,2021,4,206574.0
29,Finistère,611475.8740189045,2021,4,239552.0
30,Gard,507368.1714284339,2021,4,332727.0
31,Haute-Garonne,889056.0494438249,2021,4,670271.0
32,Gers,129002.17231835572,2021,4,70645.0
33,Gironde,1067421.139185775,2021,4,710724.0
34,Hérault,858019.4994709273,2021,4,638924.0
35,Ille-et-Vilaine,677665.1200578229,2021,4,379200.0
36,Indre,155542.57968403448,2021,4,100570.0
37,Indre-et-Loire,394683.6378540242,2021,4,247898.0
38,Isère,759953.3662990475,2021,4,440480.0
39,Jura,169008.31847098577,2021,4,45285.0
40,Landes,297555.2983423366,2021,4,101878.0
41,Loir-et-Cher,219233.7621130416,2021,4,119631.0
42,Loire,484167.9039003436,2021,4,429780.0
43,Haute-Loire,170773.2022393313,2021,4,110517.0
44,Loire-Atlantique,890829.1977508907,2021,4,573592.0
45,Loiret,396460.8808468472,2021,4,262052.0
46,Lot,142932.81797009066,2021,4,93436.0
47,Lot-et-Garonne,220177.50403007795,2021,4,96793.0
48,Lozère,71116.6005041708,2021,4,41832.0
49,Maine-et-Loire,491086.5466237938,2021,4,331793.0
50,Manche,324272.56330268685,2021,4,133157.0
51,Marne,355452.7587202276,2021,4,265417.0
52,Haute-Marne,114986.61842122024,2021,4,68834.0
53,Mayenne,191017.9142806851,2021,4,144715.0
54,Meurthe-et-Moselle,437040.808010375,2021,4,287333.0
55,Meuse,114391.2305704524,2021,4,65062.0
56,Morbihan,532661.463980573,2021,4,229448.0
57,Moselle,597663.4861715351,2021,4,460021.0
58,Nièvre,158182.2640554381,2021,4,60510.0
59,Nord,1416587.3634023312,2021,4,1262727.0
60,Oise,419418.41508863575,2021,4,404870.0
61,Orne,191248.8072622725,2021,4,67911.0
62,Pas-de-Calais,810337.0974354657,2021,4,753717.0
63,Puy-de-Dôme,454452.1750161109,2021,4,304466.0
64,Pyrénées-Atlantiques,499191.5482275635,2021,4,334216.0
65,Hautes-Pyrénées,187949.8235920527,2021,4,117627.0
66,Pyrénées-Orientales,409165.4186861373,2021,4,249845.0
67,Bas-Rhin,689715.1598105569,2021,4,554972.0
68,Haut-Rhin,468652.8484768319,2021,4,381003.0
69,Rhône,1176837.2078592945,2021,4,1030922.0
70,Haute-Saône,152367.07492880576,2021,4,65387.0
71,Saône-et-Loire,362560.6122725077,2021,4,167611.0
72,Sarthe,343858.81701405067,2021,4,259888.0
73,Savoie,413348.2759195408,2021,4,136732.0
74,Haute-Savoie,595773.7313784929,2021,4,261332.0
75,Paris,1721294.0,2021,4,1648506.0
76,Seine-Maritime,738413.9320164204,2021,4,502874.0
77,Seine-et-Marne,749243.4361137652,2021,4,599992.0
78,Yvelines,783210.1297697065,2021,4,726734.0
79,Deux-Sèvres,218158.2748662231,2021,4,94735.0
80,Somme,339886.8354184756,2021,4,193921.0
81,Tarn,250130.6149063424,2021,4,139941.0
82,Tarn-et-Garonne,160351.48598247537,2021,4,102608.0
83,Var,842747.7961032137,2021,4,534303.0
84,Vaucluse,372101.5262668943,2021,4,287214.0
85,Vendée,486952.6509007984,2021,4,196959.0
86,Vienne,267488.5104913292,2021,4,136565.0
87,Haute-Vienne,254713.8947361856,2021,4,147284.0
88,Vosges,243440.44909452143,2021,4,134160.0
89,Yonne,220875.5133312805,2021,4,70804.0
90,Territoire de Belfort,79467.9981336201,2021,4,65688.0
91,Essonne,677805.7273382825,2021,4,633160.0
92,Hauts-de-Seine,986036.3609664292,2021,4,910728.5
93,Seine-Saint-Denis,863891.0,2021,4,757968.0
94,Val-de-Marne,780484.0,2021,4,705060.5
95,Val-d'Oise,618486.7342243503,2021,4,580870.0
01,Ain,380960.40488015895,2022,1,204988.0
02,Aisne,302699.81831467786,2022,1,282520.0
03,Allier,242128.0186279092,2022,1,166904.0
04,Alpes-de-Haute-Provence,144196.12221271146,2022,1,88858.0
05,Hautes-Alpes,149125.0730941364,2022,1,70398.0
06,Alpes-Maritimes,907334.2205751378,2022,1,727755.0
07,Ardèche,227497.6389648207,2022,1,63478.0
08,Ardennes,165549.379369739,2022,1,123540.0
09,Ariège,124217.80481868194,2022,1,69409.0
10,Aube,192519.75558781347,2022,1,149302.0
11,Aude,309792.80176196387,2022,1,210259.0
12,Aveyron,216232.7458171479,2022,1,146899.0
13,Bouches-du-Rhône,1240982.1307241933,2022,1,951597.0
14,Calvados,489228.78343229945,2022,1,390543.0
15,Cantal,117993.93521559965,2022,1,80289.0
16,Charente,232679.3629827895,2022,1,150082.0
17,Charente-Maritime,505132.045020339,2022,1,383941.0
18,Cher,204270.57496692456,2022,1,157950.0
19,Corrèze,190519.9203965016,2022,1,180695.0
2A,Corse-du-Sud,139650.21540127243,2022,1,78499.0
2B,Haute-Corse,149159.958389664,2022,1,85013.0
21,Côte-d'Or,352937.9295874308,2022,1,226018.0
22,Côtes-d'Armor,416095.0435583812,2022,1,122934.0
23,Creuse,100539.80940731248,2022,1,50864.0
24,Dordogne,289393.38233113853,2022,1,76878.0
25,Doubs,330480.75856537384,2022,1,258985.0
26,Drôme,315069.823007463,2022,1,164670.0
27,Eure,340407.8065787003,2022,1,189201.0
28,Eure-et-Loir,253619.46679651955,2022,1,211712.0
29,Finistère,611475.8740189045,2022,1,249759.0
30,Gard,507368.1714284339,2022,1,360162.0
31,Haute-Garonne,889056.0494438249,2022,1,702469.0
32,Gers,129002.17231835572,2022,1,72396.0
33,Gironde,1067421.139185775,2022,1,741952.0
34,Hérault,858019.4994709273,2022,1,660848.0
35,Ille-et-Vilaine,677665.1200578229,2022,1,389671.0
36,Indre,155542.57968403448,2022,1,102567.0
37,Indre-et-Loire,394683.6378540242,2022,1,262558.0
38,Isère,759953.3662990475,2022,1,461116.0
39,Jura,169008.31847098577,2022,1,47350.0
40,Landes,297555.2983423366,2022,1,114541.0
41,Loir-et-Cher,219233.7621130416,2022,1,129841.0
42,Loire,484167.9039003436,2022,1,434325.0
43,Haute-Loire,170773.2022393313,2022,1,115378.0
44,Loire-Atlantique,890829.1977508907,2022,1,597104.0
45,Loiret,396460.8808468472,2022,1,276295.0
46,Lot,142932.81797009066,2022,1,104108.0
47,Lot-et-Garonne,220177.50403007795,2022,1,105615.0
48,Lozère,71116.6005041708,2022,1,45987.0
49,Maine-et-Loire,491086.5466237938,2022,1,350141.0
50,Manche,324272.56330268685,2022,1,145103.0
51,Marne,355452.7587202276,2022,1,287237.0
52,Haute-Marne,114986.61842122024,2022,1,75778.0
53,Mayenne,191017.9142806851,2022,1,157245.0
54,Meurthe-et-Moselle,437040.808010375,2022,1,304381.0
55,Meuse,114391.2305704524,2022,1,74559.0
56,Morbihan,532661.463980573,2022,1,236573.0
57,Moselle,597663.4861715351,2022,1,477900.0
58,Nièvre,158182.2640554381,2022,1,74596.0
59,Nord,1416587.3634023312,2022,1,1277131.0
60,Oise,419418.41508863575,2022,1,406323.0
61,Orne,191248.8072622725,2022,1,73865.0
62,Pas-de-Calais,810337.0974354657,2022,1,759866.0
63,Puy-de-Dôme,454452.1750161109,2022,1,323778.0
64,Pyrénées-Atlantiques,499191.5482275635,2022,1,348455.0
65,Hautes-Pyrénées,187949.8235920527,2022,1,124090.0
66,Pyrénées-Orientales,409165.4186861373,2022,1,267726.0
67,Bas-Rhin,689715.1598105569,2022,1,578923.0
68,Haut-Rhin,468652.8484768319,2022,1,391844.0
69,Rhône,1176837.2078592945,2022,1,1045880.0
70,Haute-Saône,152367.07492880576,2022,1,67537.0
71,Saône-et-Loire,362560.6122725077,2022,1,174303.0
72,Sarthe,343858.81701405067,2022,1,280373.0
73,Savoie,413348.2759195408,2022,1,143144.0
74,Haute-Savoie,595773.7313784929,2022,1,278329.0
75,Paris,1721294.0,2022,1,1654707.0
76,Seine-Maritime,738413.9320164204,2022,1,524283.0
77,Seine-et-Marne,749243.4361137652,2022,1,614583.0
78,Yvelines,783210.1297697065,2022,1,733075.0
79,Deux-Sèvres,218158.2748662231,2022,1,102840.0
80,Somme,339886.8354184756,2022,1,200854.0
81,Tarn,250130.6149063424,2022,1,148215.0
82,Tarn-et-Garonne,160351.48598247537,2022,1,113661.0
83,Var,842747.7961032137,2022,1,563197.0
84,Vaucluse,372101.5262668943,2022,1,291880.0
85,Vendée,486952.6509007984,2022,1,228828.0
86,Vienne,267488.5104913292,2022,1,140529.0
87,Haute-Vienne,254713.8947361856,2022,1,156709.0
88,Vosges,243440.44909452143,2022,1,147798.0
89,Yonne,220875.5133312805,2022,1,85911.0
90,Territoire de Belfort,79467.9981336201,2022,1,66951.0
91,Essonne,677805.7273382825,2022,1,636567.0
92,Hauts-de-Seine,986036.3609664292,2022,1,917594.0
93,Seine-Saint-Denis,863891.0,2022,1,765182.0
94,Val-de-Marne,780484.0,2022,1,711443.0
95,Val-d'Oise,618486.7342243503,2022,1,585259.0
01,Ain,380960.40488015895,2022,2,214508.0
02,Aisne,302699.81831467786,2022,2,288960.0
03,Allier,242128.0186279092,2022,2,172368.0
04,Alpes-de-Haute-Provence,144196.12221271146,2022,2,100092.0
05,Hautes-Alpes,149125.0730941364,2022,2,88748.0
06,Alpes-Maritimes,907334.2205751378,2022,2,739541.0
07,Ardèche,227497.6389648207,2022,2,68256.0
08,Ardennes,165549.379369739,2022,2,134176.0
09,Ariège,124217.80481868194,2022,2,73034.0
10,Aube,192519.75558781347,2022,2,158809.0
11,Aude,309792.80176196387,2022,2,220548.0
12,Aveyron,216232.7458171479,2022,2,156415.0
13,Bouches-du-Rhône,1240982.1307241933,2022,2,976495.0
14,Calvados,489228.78343229945,2022,2,397012.0
15,Cantal,117993.93521559965,2022,2,82661.0
16,Charente,232679.3629827895,2022,2,173088.0
17,Charente-Maritime,505132.045020339,2022,2,408785.0
18,Cher,204270.57496692456,2022,2,168902.0
19,Corrèze,190519.9203965016,2022,2,182041.0
2A,Corse-du-Sud,139650.21540127243,2022,2,84750.0
2B,Haute-Corse,149159.958389664,2022,2,90497.0
21,Côte-d'Or,352937.9295874308,2022,2,239935.0
22,Côtes-d'Armor,416095.0435583812,2022,2,132663.0
23,Creuse,100539.80940731248,2022,2,52897.0
24,Dordogne,289393.38233113853,2022,2,85936.0
25,Doubs,330480.75856537384,2022,2,266310.0
26,Drôme,315069.823007463,2022,2,171387.0
27,Eure,340407.8065787003,2022,2,215127.0
28,Eure-et-Loir,253619.46679651955,2022,2,224821.0
29,Finistère,611475.8740189045,2022,2,257011.0
30,Gard,507368.1714284339,2022,2,389575.0
31,Haute-Garonne,889056.0494438249,2022,2,736883.0
32,Gers,129002.17231835572,2022,2,75593.0
33,Gironde,1067421.139185775,2022,2,773563.0
34,Hérault,858019.4994709273,2022,2,687442.0
35,Ille-et-Vilaine,677665.1200578229,2022,2,400610.0
36,Indre,155542.57968403448,2022,2,106502.0
37,Indre-et-Loire,394683.6378540242,2022,2,278510.0
38,Isère,759953.3662990475,2022,2,480678.0
39,Jura,169008.31847098577,2022,2,52886.0
40,Landes,297555.2983423366,2022,2,134403.0
41,Loir-et-Cher,219233.7621130416,2022,2,144848.0
42,Loire,484167.9039003436,2022,2,438532.0
43,Haute-Loire,170773.2022393313,2022,2,120681.0
44,Loire-Atlantique,890829.1977508907,2022,2,624195.0
45,Loiret,396460.8808468472,2022,2,305664.0
46,Lot,142932.81797009066,2022,2,111738.0
47,Lot-et-Garonne,220177.50403007795,2022,2,118450.0
48,Lozère,71116.6005041708,2022,2,49940.0
49,Maine-et-Loire,491086.5466237938,2022,2,369250.0
50,Manche,324272.56330268685,2022,2,154880.0
51,Marne,355452.7587202276,2022,2,306563.0
52,Haute-Marne,114986.61842122024,2022,2,82820.0
53,Mayenne,191017.9142806851,2022,2,167038.0
54,Meurthe-et-Moselle,437040.808010375,2022,2,325315.0
55,Meuse,114391.2305704524,2022,2,82984.0
56,Morbihan,532661.463980573,2022,2,247563.0
57,Moselle,597663.4861715351,2022,2,487139.0
58,Nièvre,158182.2640554381,2022,2,85795.0
59,Nord,1416587.3634023312,2022,2,1288893.0
60,Oise,419418.41508863575,2022,2,407715.0
61,Orne,191248.8072622725,2022,2,81842.0
62,Pas-de-Calais,810337.0974354657,2022,2,764352.0
63,Puy-de-Dôme,454452.1750161109,2022,2,336907.0
64,Pyrénées-Atlantiques,499191.5482275635,2022,2,365530.0
65,Hautes-Pyrénées,187949.8235920527,2022,2,129981.0
66,Pyrénées-Orientales,409165.4186861373,2022,2,278100.0
67,Bas-Rhin,689715.1598105569,2022,2,598219.0
68,Haut-Rhin,468652.8484768319,2022,2,401194.0
69,Rhône,1176837.2078592945,2022,2,1060588.0
70,Haute-Saône,152367.07492880576,2022,2,71030.0
71,Saône-et-Loire,362560.6122725077,2022,2,192729.0
72,Sarthe,343858.81701405067,2022,2,297933.0
73,Savoie,413348.2759195408,2022,2,152602.0
74,Haute-Savoie,595773.7313784929,2022,2,297780.0
75,Paris,1721294.0,2022,2,1660489.0
76,Seine-Maritime,738413.9320164204,2022,2,557000.0
77,Seine-et-Marne,749243.4361137652,2022,2,622174.0
78,Yvelines,783210.1297697065,2022,2,739459.0
79,Deux-Sèvres,218158.2748662231,2022,2,112496.0
80,Somme,339886.8354184756,2022,2,212896.0
81,Tarn,250130.6149063424,2022,2,158126.0
82,Tarn-et-Garonne,160351.48598247537,2022,2,125992.0
83,Var,842747.7961032137,2022,2,592684.0
84,Vaucluse,372101.5262668943,2022,2,297245.0
85,Vendée,486952.6509007984,2022,2,265701.0
86,Vienne,267488.5104913292,2022,2,145812.0
87,Haute-Vienne,254713.8947361856,2022,2,163111.0
88,Vosges,243440.44909452143,2022,2,165854.0
89,Yonne,220875.5133312805,2022,2,101834.0
90,Territoire de Belfort,79467.9981336201,2022,2,68626.0
91,Essonne,677805.7273382825,2022,2,641916.0
92,Hauts-de-Seine,986036.3609664292,2022,2,924963.0
93,Seine-Saint-Denis,863891.0,2022,2,774381.0
94,Val-de-Marne,780484.0,2022,2,716542.0
95,Val-d'Oise,618486.7342243503,2022,2,589694.0
